time_s,vibration_g,temperature_c,current_a,acoustic
0.0000,0.012988,42.000,3.1000,0.003247
0.0010,0.096384,42.009,3.1013,0.024096
0.0020,0.135993,42.018,3.1025,0.033998
0.0030,0.238915,42.027,3.1038,0.059729
0.0040,0.316568,42.036,3.1050,0.079142
0.0050,0.370467,42.045,3.1063,0.092617
0.0060,0.391769,42.054,3.1075,0.097942
0.0070,0.424518,42.063,3.1088,0.106130
0.0080,0.453046,42.072,3.1100,0.113261
0.0090,0.427967,42.081,3.1113,0.106992
0.0100,0.424847,42.090,3.1125,0.106212
0.0110,0.368884,42.099,3.1138,0.092221
0.0120,0.346859,42.108,3.1150,0.086715
0.0130,0.266906,42.117,3.1163,0.066726
0.0140,0.218098,42.126,3.1175,0.054524
0.0150,0.159719,42.135,3.1187,0.039930
0.0160,0.077611,42.144,3.1200,0.019403
0.0170,-0.010543,42.153,3.1212,0.002636
0.0180,-0.138089,42.162,3.1224,0.034522
0.0190,-0.183032,42.171,3.1236,0.045758
0.0200,-0.273466,42.180,3.1249,0.068366
0.0210,-0.348810,42.189,3.1261,0.087203
0.0220,-0.377124,42.198,3.1273,0.094281
0.0230,-0.407336,42.207,3.1285,0.101834
0.0240,-0.407774,42.216,3.1297,0.101944
0.0250,-0.454347,42.225,3.1309,0.113587
0.0260,-0.421688,42.234,3.1321,0.105422
0.0270,-0.474747,42.243,3.1333,0.118687
0.0280,-0.385903,42.252,3.1345,0.096476
0.0290,-0.328546,42.261,3.1356,0.082136
0.0300,-0.274806,42.270,3.1368,0.068702
0.0310,-0.175455,42.279,3.1380,0.043864
0.0320,-0.116250,42.288,3.1391,0.029062
0.0330,-0.012245,42.297,3.1403,0.003061
0.0340,0.073102,42.306,3.1414,0.018276
0.0350,0.122662,42.315,3.1426,0.030665
0.0360,0.213821,42.324,3.1437,0.053455
0.0370,0.285271,42.333,3.1448,0.071318
0.0380,0.343260,42.342,3.1460,0.085815
0.0390,0.380508,42.351,3.1471,0.095127
0.0400,0.414616,42.360,3.1482,0.103654
0.0410,0.453556,42.369,3.1493,0.113389
0.0420,0.433985,42.378,3.1504,0.108496
0.0430,0.426824,42.387,3.1514,0.106706
0.0440,0.420434,42.396,3.1525,0.105108
0.0450,0.375966,42.405,3.1536,0.093991
0.0460,0.308065,42.414,3.1546,0.077016
0.0470,0.220812,42.423,3.1557,0.055203
0.0480,0.132262,42.432,3.1567,0.033066
0.0490,0.086206,42.441,3.1578,0.021551
0.0500,-0.000850,42.450,3.1588,0.000212
0.0510,-0.068689,42.459,3.1598,0.017172
0.0520,-0.150330,42.468,3.1608,0.037582
0.0530,-0.248782,42.477,3.1618,0.062196
0.0540,-0.311425,42.486,3.1628,0.077856
0.0550,-0.364441,42.495,3.1637,0.091110
0.0560,-0.405916,42.504,3.1647,0.101479
0.0570,-0.428080,42.513,3.1657,0.107020
0.0580,-0.426781,42.522,3.1666,0.106695
0.0590,-0.439368,42.531,3.1675,0.109842
0.0600,-0.422688,42.540,3.1685,0.105672
0.0610,-0.398893,42.549,3.1694,0.099723
0.0620,-0.358884,42.558,3.1703,0.089721
0.0630,-0.298590,42.567,3.1712,0.074647
0.0640,-0.227537,42.576,3.1720,0.056884
0.0650,-0.137845,42.585,3.1729,0.034461
0.0660,-0.040525,42.594,3.1738,0.010131
0.0670,0.014422,42.603,3.1746,0.003606
0.0680,0.095641,42.612,3.1754,0.023910
0.0690,0.196129,42.621,3.1762,0.049032
0.0700,0.304520,42.630,3.1771,0.076130
0.0710,0.309041,42.639,3.1778,0.077260
0.0720,0.361517,42.648,3.1786,0.090379
0.0730,0.412965,42.657,3.1794,0.103241
0.0740,0.435815,42.666,3.1802,0.108954
0.0750,0.438738,42.675,3.1809,0.109685
0.0760,0.447481,42.684,3.1816,0.111870
0.0770,0.401550,42.693,3.1824,0.100387
0.0780,0.349058,42.702,3.1831,0.087265
0.0790,0.332157,42.711,3.1838,0.083039
0.0800,0.253069,42.720,3.1844,0.063267
0.0810,0.196715,42.729,3.1851,0.049179
0.0820,0.111446,42.738,3.1858,0.027861
0.0830,0.032120,42.747,3.1864,0.008030
0.0840,-0.067704,42.756,3.1870,0.016926
0.0850,-0.155836,42.765,3.1876,0.038959
0.0860,-0.234413,42.774,3.1882,0.058603
0.0870,-0.282106,42.783,3.1888,0.070527
0.0880,-0.380498,42.792,3.1894,0.095124
0.0890,-0.392111,42.801,3.1899,0.098028
0.0900,-0.429073,42.810,3.1905,0.107268
0.0910,-0.429192,42.819,3.1910,0.107298
0.0920,-0.477102,42.828,3.1915,0.119275
0.0930,-0.437847,42.837,3.1920,0.109462
0.0940,-0.400347,42.846,3.1925,0.100087
0.0950,-0.381964,42.855,3.1930,0.095491
0.0960,-0.284412,42.864,3.1934,0.071103
0.0970,-0.256696,42.873,3.1939,0.064174
0.0980,-0.179260,42.882,3.1943,0.044815
0.0990,-0.053761,42.891,3.1947,0.013440
0.1000,0.018692,42.900,3.1951,0.004673
0.1010,0.097613,42.909,3.1955,0.024403
0.1020,0.169603,42.918,3.1959,0.042401
0.1030,0.223509,42.927,3.1962,0.055877
0.1040,0.270850,42.936,3.1965,0.067713
0.1050,0.375393,42.945,3.1969,0.093848
0.1060,0.435402,42.954,3.1972,0.108850
0.1070,0.429973,42.963,3.1975,0.107493
0.1080,0.443690,42.972,3.1977,0.110923
0.1090,0.447166,42.981,3.1980,0.111792
0.1100,0.426156,42.990,3.1982,0.106539
0.1110,0.411865,42.999,3.1985,0.102966
0.1120,0.367169,43.008,3.1987,0.091792
0.1130,0.301045,43.017,3.1989,0.075261
0.1140,0.202881,43.026,3.1990,0.050720
0.1150,0.147724,43.035,3.1992,0.036931
0.1160,0.056709,43.044,3.1994,0.014177
0.1170,-0.028228,43.053,3.1995,0.007057
0.1180,-0.142336,43.062,3.1996,0.035584
0.1190,-0.208487,43.071,3.1997,0.052122
0.1200,-0.241398,43.080,3.1998,0.060349
0.1210,-0.314748,43.089,3.1999,0.078687
0.1220,-0.379664,43.098,3.1999,0.094916
0.1230,-0.397504,43.107,3.2000,0.099376
0.1240,-0.441592,43.116,3.2000,0.110398
0.1250,-0.487539,43.125,3.2000,0.121885
0.1260,-0.452473,43.134,3.2000,0.113118
0.1270,-0.436973,43.143,3.2000,0.109243
0.1280,-0.372619,43.152,3.1999,0.093155
0.1290,-0.317288,43.161,3.1999,0.079322
0.1300,-0.286781,43.170,3.1998,0.071695
0.1310,-0.204413,43.179,3.1997,0.051103
0.1320,-0.095310,43.188,3.1996,0.023827
0.1330,-0.033657,43.197,3.1995,0.008414
0.1340,0.054911,43.206,3.1994,0.013728
0.1350,0.131122,43.215,3.1992,0.032781
0.1360,0.220170,43.224,3.1990,0.055043
0.1370,0.306526,43.233,3.1989,0.076632
0.1380,0.376333,43.242,3.1987,0.094083
0.1390,0.386395,43.251,3.1985,0.096599
0.1400,0.421678,43.260,3.1982,0.105419
0.1410,0.446265,43.269,3.1980,0.111566
0.1420,0.431935,43.278,3.1977,0.107984
0.1430,0.405279,43.287,3.1975,0.101320
0.1440,0.414119,43.296,3.1972,0.103530
0.1450,0.331483,43.305,3.1969,0.082871
0.1460,0.302718,43.314,3.1965,0.075679
0.1470,0.255634,43.323,3.1962,0.063909
0.1480,0.172133,43.332,3.1959,0.043033
0.1490,0.067340,43.341,3.1955,0.016835
0.1500,0.000832,43.350,3.1951,0.000208
0.1510,-0.081931,43.359,3.1947,0.020483
0.1520,-0.141004,43.368,3.1943,0.035251
0.1530,-0.221717,43.377,3.1939,0.055429
0.1540,-0.294913,43.386,3.1934,0.073728
0.1550,-0.359664,43.395,3.1930,0.089916
0.1560,-0.422719,43.404,3.1925,0.105680
0.1570,-0.415399,43.413,3.1920,0.103850
0.1580,-0.431420,43.422,3.1915,0.107855
0.1590,-0.443559,43.431,3.1910,0.110890
0.1600,-0.433966,43.440,3.1905,0.108491
0.1610,-0.383069,43.449,3.1899,0.095767
0.1620,-0.350240,43.458,3.1894,0.087560
0.1630,-0.280065,43.467,3.1888,0.070016
0.1640,-0.198260,43.476,3.1882,0.049565
0.1650,-0.145235,43.485,3.1876,0.036309
0.1660,-0.053466,43.494,3.1870,0.013366
0.1670,0.020096,43.503,3.1864,0.005024
0.1680,0.096038,43.512,3.1858,0.024009
0.1690,0.189635,43.521,3.1851,0.047409
0.1700,0.254037,43.530,3.1844,0.063509
0.1710,0.345379,43.539,3.1838,0.086345
0.1720,0.377475,43.548,3.1831,0.094369
0.1730,0.413271,43.557,3.1824,0.103318
0.1740,0.434056,43.566,3.1816,0.108514
0.1750,0.455858,43.575,3.1809,0.113964
0.1760,0.446049,43.584,3.1802,0.111512
0.1770,0.416237,43.593,3.1794,0.104059
0.1780,0.352407,43.602,3.1786,0.088102
0.1790,0.320078,43.611,3.1778,0.080020
0.1800,0.240499,43.620,3.1771,0.060125
0.1810,0.199098,43.629,3.1762,0.049774
0.1820,0.120813,43.638,3.1754,0.030203
0.1830,0.050148,43.647,3.1746,0.012537
0.1840,-0.050724,43.656,3.1738,0.012681
0.1850,-0.144536,43.665,3.1729,0.036134
0.1860,-0.242642,43.674,3.1720,0.060660
0.1870,-0.291762,43.683,3.1712,0.072940
0.1880,-0.384092,43.692,3.1703,0.096023
0.1890,-0.398309,43.701,3.1694,0.099577
0.1900,-0.412532,43.710,3.1685,0.103133
0.1910,-0.421984,43.719,3.1675,0.105496
0.1920,-0.461276,43.728,3.1666,0.115319
0.1930,-0.425796,43.737,3.1657,0.106449
0.1940,-0.412381,43.746,3.1647,0.103095
0.1950,-0.360937,43.755,3.1637,0.090234
0.1960,-0.312705,43.764,3.1628,0.078176
0.1970,-0.228158,43.773,3.1618,0.057040
0.1980,-0.167141,43.782,3.1608,0.041785
0.1990,-0.066784,43.791,3.1598,0.016696
0.2000,0.002938,43.800,3.1588,0.000734
0.2010,0.069051,43.809,3.1578,0.017263
0.2020,0.152610,43.818,3.1567,0.038153
0.2030,0.243807,43.827,3.1557,0.060952
0.2040,0.300506,43.836,3.1546,0.075127
0.2050,0.364912,43.845,3.1536,0.091228
0.2060,0.414901,43.854,3.1525,0.103725
0.2070,0.410227,43.863,3.1514,0.102557
0.2080,0.460866,43.872,3.1504,0.115216
0.2090,0.419821,43.881,3.1493,0.104955
0.2100,0.432326,43.890,3.1482,0.108081
0.2110,0.431264,43.899,3.1471,0.107816
0.2120,0.362354,43.908,3.1460,0.090588
0.2130,0.271913,43.917,3.1448,0.067978
0.2140,0.194818,43.926,3.1437,0.048704
0.2150,0.153391,43.935,3.1426,0.038348
0.2160,0.069478,43.944,3.1414,0.017370
0.2170,-0.046378,43.953,3.1403,0.011594
0.2180,-0.098352,43.962,3.1391,0.024588
0.2190,-0.194973,43.971,3.1380,0.048743
0.2200,-0.253847,43.980,3.1368,0.063462
0.2210,-0.311976,43.989,3.1356,0.077994
0.2220,-0.396705,43.998,3.1345,0.099176
0.2230,-0.426587,44.007,3.1333,0.106647
0.2240,-0.423661,44.016,3.1321,0.105915
0.2250,-0.434864,44.025,3.1309,0.108716
0.2260,-0.460283,44.034,3.1297,0.115071
0.2270,-0.425075,44.043,3.1285,0.106269
0.2280,-0.377170,44.052,3.1273,0.094292
0.2290,-0.315813,44.061,3.1261,0.078953
0.2300,-0.266672,44.070,3.1249,0.066668
0.2310,-0.172617,44.079,3.1236,0.043154
0.2320,-0.102478,44.088,3.1224,0.025620
0.2330,-0.021270,44.097,3.1212,0.005318
0.2340,0.065227,44.106,3.1200,0.016307
0.2350,0.136486,44.115,3.1187,0.034121
0.2360,0.206672,44.124,3.1175,0.051668
0.2370,0.263642,44.133,3.1163,0.065911
0.2380,0.345071,44.142,3.1150,0.086268
0.2390,0.384874,44.151,3.1138,0.096218
0.2400,0.415777,44.160,3.1125,0.103944
0.2410,0.433447,44.169,3.1113,0.108362
0.2420,0.444323,44.178,3.1100,0.111081
0.2430,0.464048,44.187,3.1088,0.116012
0.2440,0.403848,44.196,3.1075,0.100962
0.2450,0.376665,44.205,3.1063,0.094166
0.2460,0.307678,44.214,3.1050,0.076919
0.2470,0.246515,44.223,3.1038,0.061629
0.2480,0.138416,44.232,3.1025,0.034604
0.2490,0.101217,44.241,3.1013,0.025304
0.2500,0.002599,44.250,3.1000,0.000650
0.2510,-0.099623,44.259,3.0987,0.024906
0.2520,-0.158932,44.268,3.0975,0.039733
0.2530,-0.240468,44.277,3.0962,0.060117
0.2540,-0.300440,44.286,3.0950,0.075110
0.2550,-0.362952,44.295,3.0937,0.090738
0.2560,-0.414887,44.304,3.0925,0.103722
0.2570,-0.453948,44.313,3.0912,0.113487
0.2580,-0.436289,44.322,3.0900,0.109072
0.2590,-0.451895,44.331,3.0887,0.112974
0.2600,-0.424163,44.340,3.0875,0.106041
0.2610,-0.414488,44.349,3.0862,0.103622
0.2620,-0.358413,44.358,3.0850,0.089603
0.2630,-0.303965,44.367,3.0837,0.075991
0.2640,-0.205149,44.376,3.0825,0.051287
0.2650,-0.145012,44.385,3.0813,0.036253
0.2660,-0.052818,44.394,3.0800,0.013205
0.2670,0.044586,44.403,3.0788,0.011147
0.2680,0.142438,44.412,3.0776,0.035610
0.2690,0.187571,44.421,3.0764,0.046893
0.2700,0.252914,44.430,3.0751,0.063229
0.2710,0.300565,44.439,3.0739,0.075141
0.2720,0.365730,44.448,3.0727,0.091433
0.2730,0.387481,44.457,3.0715,0.096870
0.2740,0.414149,44.466,3.0703,0.103537
0.2750,0.473347,44.475,3.0691,0.118337
0.2760,0.426878,44.484,3.0679,0.106720
0.2770,0.437601,44.493,3.0667,0.109400
0.2780,0.376921,44.502,3.0655,0.094230
0.2790,0.329307,44.511,3.0644,0.082327
0.2800,0.260324,44.520,3.0632,0.065081
0.2810,0.179923,44.529,3.0620,0.044981
0.2820,0.137897,44.538,3.0609,0.034474
0.2830,0.021284,44.547,3.0597,0.005321
0.2840,-0.037969,44.556,3.0586,0.009492
0.2850,-0.121238,44.565,3.0574,0.030309
0.2860,-0.230378,44.574,3.0563,0.057594
0.2870,-0.257429,44.583,3.0552,0.064357
0.2880,-0.359988,44.592,3.0540,0.089997
0.2890,-0.397934,44.601,3.0529,0.099483
0.2900,-0.450233,44.610,3.0518,0.112558
0.2910,-0.455404,44.619,3.0507,0.113851
0.2920,-0.433275,44.628,3.0496,0.108319
0.2930,-0.422320,44.637,3.0486,0.105580
0.2940,-0.401448,44.646,3.0475,0.100362
0.2950,-0.358797,44.655,3.0464,0.089699
0.2960,-0.321226,44.664,3.0454,0.080307
0.2970,-0.223917,44.673,3.0443,0.055979
0.2980,-0.167679,44.682,3.0433,0.041920
0.2990,-0.087331,44.691,3.0422,0.021833
0.3000,-0.012410,44.700,3.0412,0.003102
0.3010,0.077688,44.709,3.0402,0.019422
0.3020,0.157375,44.718,3.0392,0.039344
0.3030,0.248506,44.727,3.0382,0.062126
0.3040,0.298759,44.736,3.0372,0.074690
0.3050,0.369089,44.745,3.0363,0.092272
0.3060,0.420427,44.754,3.0353,0.105107
0.3070,0.449152,44.763,3.0343,0.112288
0.3080,0.430629,44.772,3.0334,0.107657
0.3090,0.416685,44.781,3.0325,0.104171
0.3100,0.421877,44.790,3.0315,0.105469
0.3110,0.380542,44.799,3.0306,0.095136
0.3120,0.346466,44.808,3.0297,0.086616
0.3130,0.295317,44.817,3.0288,0.073829
0.3140,0.228736,44.826,3.0280,0.057184
0.3150,0.140824,44.835,3.0271,0.035206
0.3160,0.044764,44.844,3.0262,0.011191
0.3170,-0.026700,44.853,3.0254,0.006675
0.3180,-0.126171,44.862,3.0246,0.031543
0.3190,-0.158501,44.871,3.0238,0.039625
0.3200,-0.288372,44.880,3.0229,0.072093
0.3210,-0.343963,44.889,3.0222,0.085991
0.3220,-0.400495,44.898,3.0214,0.100124
0.3230,-0.425504,44.907,3.0206,0.106376
0.3240,-0.424539,44.916,3.0198,0.106135
0.3250,-0.454338,44.925,3.0191,0.113585
0.3260,-0.444058,44.934,3.0184,0.111014
0.3270,-0.397258,44.943,3.0176,0.099314
0.3280,-0.379574,44.952,3.0169,0.094894
0.3290,-0.341141,44.961,3.0162,0.085285
0.3300,-0.265747,44.970,3.0156,0.066437
0.3310,-0.193503,44.979,3.0149,0.048376
0.3320,-0.095154,44.988,3.0142,0.023788
0.3330,-0.030573,44.997,3.0136,0.007643
0.3340,0.078622,45.006,3.0130,0.019655
0.3350,0.134847,45.015,3.0124,0.033712
0.3360,0.239026,45.024,3.0118,0.059757
0.3370,0.260674,45.033,3.0112,0.065168
0.3380,0.359307,45.042,3.0106,0.089827
0.3390,0.385911,45.051,3.0101,0.096478
0.3400,0.464403,45.060,3.0095,0.116101
0.3410,0.440957,45.069,3.0090,0.110239
0.3420,0.452204,45.078,3.0085,0.113051
0.3430,0.463886,45.087,3.0080,0.115972
0.3440,0.401593,45.096,3.0075,0.100398
0.3450,0.372415,45.105,3.0070,0.093104
0.3460,0.294527,45.114,3.0066,0.073632
0.3470,0.257652,45.123,3.0061,0.064413
0.3480,0.149444,45.132,3.0057,0.037361
0.3490,0.079189,45.141,3.0053,0.019797
0.3500,0.004752,45.150,3.0049,0.001188
0.3510,-0.103516,45.159,3.0045,0.025879
0.3520,-0.157633,45.168,3.0041,0.039408
0.3530,-0.221612,45.177,3.0038,0.055403
0.3540,-0.289990,45.186,3.0035,0.072498
0.3550,-0.337922,45.195,3.0031,0.084481
0.3560,-0.380994,45.204,3.0028,0.095248
0.3570,-0.444288,45.213,3.0025,0.111072
0.3580,-0.437217,45.222,3.0023,0.109304
0.3590,-0.466547,45.231,3.0020,0.116637
0.3600,-0.421953,45.240,3.0018,0.105488
0.3610,-0.414890,45.249,3.0015,0.103722
0.3620,-0.334224,45.258,3.0013,0.083556
0.3630,-0.279528,45.267,3.0011,0.069882
0.3640,-0.217762,45.276,3.0010,0.054441
0.3650,-0.147173,45.285,3.0008,0.036793
0.3660,-0.060022,45.294,3.0006,0.015006
0.3670,-0.026677,45.303,3.0005,0.006669
0.3680,0.122336,45.312,3.0004,0.030584
0.3690,0.192808,45.321,3.0003,0.048202
0.3700,0.276025,45.330,3.0002,0.069006
0.3710,0.311905,45.339,3.0001,0.077976
0.3720,0.346348,45.348,3.0001,0.086587
0.3730,0.401905,45.357,3.0000,0.100476
0.3740,0.413839,45.366,3.0000,0.103460
0.3750,0.476279,45.375,3.0000,0.119070
0.3760,0.420586,45.384,3.0000,0.105147
0.3770,0.416155,45.393,3.0000,0.104039
0.3780,0.389716,45.402,3.0001,0.097429
0.3790,0.343018,45.411,3.0001,0.085754
0.3800,0.285431,45.420,3.0002,0.071358
0.3810,0.204073,45.429,3.0003,0.051018
0.3820,0.106054,45.438,3.0004,0.026513
0.3830,0.038359,45.447,3.0005,0.009590
0.3840,-0.036977,45.456,3.0006,0.009244
0.3850,-0.133864,45.465,3.0008,0.033466
0.3860,-0.214720,45.474,3.0010,0.053680
0.3870,-0.295522,45.483,3.0011,0.073880
0.3880,-0.351719,45.492,3.0013,0.087930
0.3890,-0.376291,45.501,3.0015,0.094073
0.3900,-0.453096,45.510,3.0018,0.113274
0.3910,-0.414984,45.519,3.0020,0.103746
0.3920,-0.439768,45.528,3.0023,0.109942
0.3930,-0.412815,45.537,3.0025,0.103204
0.3940,-0.386737,45.546,3.0028,0.096684
0.3950,-0.362843,45.555,3.0031,0.090711
0.3960,-0.323645,45.564,3.0035,0.080911
0.3970,-0.239153,45.573,3.0038,0.059788
0.3980,-0.153350,45.582,3.0041,0.038338
0.3990,-0.114228,45.591,3.0045,0.028557
0.4000,0.050417,45.600,3.0049,0.012604
0.4010,0.077638,45.609,3.0053,0.019409
0.4020,0.174276,45.618,3.0057,0.043569
0.4030,0.257010,45.627,3.0061,0.064253
0.4040,0.316035,45.636,3.0066,0.079009
0.4050,0.380932,45.645,3.0070,0.095233
0.4060,0.423303,45.654,3.0075,0.105826
0.4070,0.462727,45.663,3.0080,0.115682
0.4080,0.418219,45.672,3.0085,0.104555
0.4090,0.443533,45.681,3.0090,0.110883
0.4100,0.427387,45.690,3.0095,0.106847
0.4110,0.393595,45.699,3.0101,0.098399
0.4120,0.336598,45.708,3.0106,0.084150
0.4130,0.297030,45.717,3.0112,0.074257
0.4140,0.218620,45.726,3.0118,0.054655
0.4150,0.147544,45.735,3.0124,0.036886
0.4160,0.050389,45.744,3.0130,0.012597
0.4170,-0.033230,45.753,3.0136,0.008307
0.4180,-0.094717,45.762,3.0142,0.023679
0.4190,-0.193222,45.771,3.0149,0.048306
0.4200,-0.247531,45.780,3.0156,0.061883
0.4210,-0.345228,45.789,3.0162,0.086307
0.4220,-0.395202,45.798,3.0169,0.098801
0.4230,-0.404289,45.807,3.0176,0.101072
0.4240,-0.450353,45.816,3.0184,0.112588
0.4250,-0.461093,45.825,3.0191,0.115273
0.4260,-0.435612,45.834,3.0198,0.108903
0.4270,-0.422501,45.843,3.0206,0.105625
0.4280,-0.407923,45.852,3.0214,0.101981
0.4290,-0.331382,45.861,3.0222,0.082845
0.4300,-0.271216,45.870,3.0229,0.067804
0.4310,-0.206728,45.879,3.0238,0.051682
0.4320,-0.117264,45.888,3.0246,0.029316
0.4330,-0.031436,45.897,3.0254,0.007859
0.4340,0.057568,45.906,3.0262,0.014392
0.4350,0.132731,45.915,3.0271,0.033183
0.4360,0.203823,45.924,3.0280,0.050956
0.4370,0.287264,45.933,3.0288,0.071816
0.4380,0.346953,45.942,3.0297,0.086738
0.4390,0.383602,45.951,3.0306,0.095901
0.4400,0.419885,45.960,3.0315,0.104971
0.4410,0.462330,45.969,3.0325,0.115583
0.4420,0.433051,45.978,3.0334,0.108263
0.4430,0.464347,45.987,3.0343,0.116087
0.4440,0.402331,45.996,3.0353,0.100583
0.4450,0.334859,46.005,3.0363,0.083715
0.4460,0.300373,46.014,3.0372,0.075093
0.4470,0.246474,46.023,3.0382,0.061618
0.4480,0.169325,46.032,3.0392,0.042331
0.4490,0.074400,46.041,3.0402,0.018600
0.4500,-0.005180,46.050,3.0412,0.001295
0.4510,-0.097206,46.059,3.0422,0.024302
0.4520,-0.162090,46.068,3.0433,0.040523
0.4530,-0.256105,46.077,3.0443,0.064026
0.4540,-0.303218,46.086,3.0454,0.075804
0.4550,-0.377950,46.095,3.0464,0.094487
0.4560,-0.393193,46.104,3.0475,0.098298
0.4570,-0.415465,46.113,3.0486,0.103866
0.4580,-0.453442,46.122,3.0496,0.113360
0.4590,-0.452984,46.131,3.0507,0.113246
0.4600,-0.431126,46.140,3.0518,0.107782
0.4610,-0.366007,46.149,3.0529,0.091502
0.4620,-0.358988,46.158,3.0540,0.089747
0.4630,-0.260807,46.167,3.0552,0.065202
0.4640,-0.224690,46.176,3.0563,0.056172
0.4650,-0.136182,46.185,3.0574,0.034046
0.4660,-0.064058,46.194,3.0586,0.016015
0.4670,0.020415,46.203,3.0597,0.005104
0.4680,0.130874,46.212,3.0609,0.032718
0.4690,0.188260,46.221,3.0620,0.047065
0.4700,0.273442,46.230,3.0632,0.068360
0.4710,0.336778,46.239,3.0644,0.084195
0.4720,0.365280,46.248,3.0655,0.091320
0.4730,0.422356,46.257,3.0667,0.105589
0.4740,0.465623,46.266,3.0679,0.116406
0.4750,0.453240,46.275,3.0691,0.113310
0.4760,0.435790,46.284,3.0703,0.108948
0.4770,0.406320,46.293,3.0715,0.101580
0.4780,0.365330,46.302,3.0727,0.091332
0.4790,0.297385,46.311,3.0739,0.074346
0.4800,0.288915,46.320,3.0751,0.072229
0.4810,0.175793,46.329,3.0764,0.043948
0.4820,0.133199,46.338,3.0776,0.033300
0.4830,0.021740,46.347,3.0788,0.005435
0.4840,-0.066262,46.356,3.0800,0.016566
0.4850,-0.142018,46.365,3.0813,0.035504
0.4860,-0.224833,46.374,3.0825,0.056208
0.4870,-0.276079,46.383,3.0837,0.069020
0.4880,-0.325419,46.392,3.0850,0.081355
0.4890,-0.405555,46.401,3.0862,0.101389
0.4900,-0.408825,46.410,3.0875,0.102206
0.4910,-0.445185,46.419,3.0887,0.111296
0.4920,-0.449297,46.428,3.0900,0.112324
0.4930,-0.422339,46.437,3.0912,0.105585
0.4940,-0.416735,46.446,3.0925,0.104184
0.4950,-0.376286,46.455,3.0937,0.094071
0.4960,-0.305040,46.464,3.0950,0.076260
0.4970,-0.257907,46.473,3.0962,0.064477
0.4980,-0.155189,46.482,3.0975,0.038797
0.4990,-0.093072,46.491,3.0987,0.023268
0.5000,0.010278,46.500,3.1000,0.002570
0.5010,0.086789,46.509,3.1013,0.021697
0.5020,0.186920,46.518,3.1025,0.046730
0.5030,0.261303,46.527,3.1038,0.065326
0.5040,0.307714,46.536,3.1050,0.076929
0.5050,0.366880,46.545,3.1063,0.091720
0.5060,0.411374,46.554,3.1075,0.102843
0.5070,0.451901,46.563,3.1088,0.112975
0.5080,0.445552,46.572,3.1100,0.111388
0.5090,0.467307,46.581,3.1113,0.116827
0.5100,0.448231,46.590,3.1125,0.112058
0.5110,0.405306,46.599,3.1138,0.101327
0.5120,0.344528,46.608,3.1150,0.086132
0.5130,0.286290,46.617,3.1163,0.071573
0.5140,0.227864,46.626,3.1175,0.056966
0.5150,0.146644,46.635,3.1187,0.036661
0.5160,0.059598,46.644,3.1200,0.014899
0.5170,-0.011826,46.653,3.1212,0.002956
0.5180,-0.119126,46.662,3.1224,0.029781
0.5190,-0.197276,46.671,3.1236,0.049319
0.5200,-0.271591,46.680,3.1249,0.067898
0.5210,-0.309951,46.689,3.1261,0.077488
0.5220,-0.385335,46.698,3.1273,0.096334
0.5230,-0.440430,46.707,3.1285,0.110107
0.5240,-0.448713,46.716,3.1297,0.112178
0.5250,-0.452605,46.725,3.1309,0.113151
0.5260,-0.444075,46.734,3.1321,0.111019
0.5270,-0.402889,46.743,3.1333,0.100722
0.5280,-0.370286,46.752,3.1345,0.092571
0.5290,-0.305609,46.761,3.1356,0.076402
0.5300,-0.219837,46.770,3.1368,0.054959
0.5310,-0.194833,46.779,3.1380,0.048708
0.5320,-0.093327,46.788,3.1391,0.023332
0.5330,-0.039974,46.797,3.1403,0.009993
0.5340,0.048881,46.806,3.1414,0.012220
0.5350,0.150700,46.815,3.1426,0.037675
0.5360,0.207759,46.824,3.1437,0.051940
0.5370,0.279689,46.833,3.1448,0.069922
0.5380,0.368025,46.842,3.1460,0.092006
0.5390,0.375147,46.851,3.1471,0.093787
0.5400,0.444921,46.860,3.1482,0.111230
0.5410,0.450432,46.869,3.1493,0.112608
0.5420,0.476149,46.878,3.1504,0.119037
0.5430,0.439585,46.887,3.1514,0.109896
0.5440,0.406563,46.896,3.1525,0.101641
0.5450,0.389207,46.905,3.1536,0.097302
0.5460,0.311843,46.914,3.1546,0.077961
0.5470,0.252500,46.923,3.1557,0.063125
0.5480,0.173959,46.932,3.1567,0.043490
0.5490,0.071638,46.941,3.1578,0.017909
0.5500,0.000991,46.950,3.1588,0.000248
0.5510,-0.079414,46.959,3.1598,0.019853
0.5520,-0.170299,46.968,3.1608,0.042575
0.5530,-0.238211,46.977,3.1618,0.059553
0.5540,-0.311900,46.986,3.1628,0.077975
0.5550,-0.385787,46.995,3.1637,0.096447
0.5560,-0.417755,47.004,3.1647,0.104439
0.5570,-0.459128,47.013,3.1657,0.114782
0.5580,-0.454290,47.022,3.1666,0.113572
0.5590,-0.430029,47.031,3.1675,0.107507
0.5600,-0.412899,47.040,3.1685,0.103225
0.5610,-0.384675,47.049,3.1694,0.096169
0.5620,-0.359901,47.058,3.1703,0.089975
0.5630,-0.288710,47.067,3.1712,0.072178
0.5640,-0.222446,47.076,3.1720,0.055612
0.5650,-0.126619,47.085,3.1729,0.031655
0.5660,-0.037544,47.094,3.1738,0.009386
0.5670,0.069097,47.103,3.1746,0.017274
0.5680,0.117985,47.112,3.1754,0.029496
0.5690,0.184578,47.121,3.1762,0.046145
0.5700,0.262790,47.130,3.1771,0.065698
0.5710,0.364408,47.139,3.1778,0.091102
0.5720,0.392525,47.148,3.1786,0.098131
0.5730,0.405262,47.157,3.1794,0.101315
0.5740,0.436758,47.166,3.1802,0.109189
0.5750,0.454777,47.175,3.1809,0.113694
0.5760,0.433964,47.184,3.1816,0.108491
0.5770,0.411782,47.193,3.1824,0.102945
0.5780,0.369922,47.202,3.1831,0.092481
0.5790,0.330356,47.211,3.1838,0.082589
0.5800,0.246183,47.220,3.1844,0.061546
0.5810,0.190675,47.229,3.1851,0.047669
0.5820,0.085440,47.238,3.1858,0.021360
0.5830,0.025975,47.247,3.1864,0.006494
0.5840,-0.060355,47.256,3.1870,0.015089
0.5850,-0.108795,47.265,3.1876,0.027199
0.5860,-0.235931,47.274,3.1882,0.058983
0.5870,-0.285465,47.283,3.1888,0.071366
0.5880,-0.339553,47.292,3.1894,0.084888
0.5890,-0.405557,47.301,3.1899,0.101389
0.5900,-0.413014,47.310,3.1905,0.103254
0.5910,-0.446716,47.319,3.1910,0.111679
0.5920,-0.463098,47.328,3.1915,0.115774
0.5930,-0.448230,47.337,3.1920,0.112057
0.5940,-0.396203,47.346,3.1925,0.099051
0.5950,-0.348555,47.355,3.1930,0.087139
0.5960,-0.284012,47.364,3.1934,0.071003
0.5970,-0.244197,47.373,3.1939,0.061049
0.5980,-0.146925,47.382,3.1943,0.036731
0.5990,-0.064057,47.391,3.1947,0.016014
0.6000,-0.002938,47.400,3.1951,0.000735
0.6010,0.079880,47.409,3.1955,0.019970
0.6020,0.163667,47.418,3.1959,0.040917
0.6030,0.237679,47.427,3.1962,0.059420
0.6040,0.316814,47.436,3.1965,0.079204
0.6050,0.329467,47.445,3.1969,0.082367
0.6060,0.412280,47.454,3.1972,0.103070
0.6070,0.446541,47.463,3.1975,0.111635
0.6080,0.435473,47.472,3.1977,0.108868
0.6090,0.442921,47.481,3.1980,0.110730
0.6100,0.418681,47.490,3.1982,0.104670
0.6110,0.396894,47.499,3.1985,0.099223
0.6120,0.355803,47.508,3.1987,0.088951
0.6130,0.290020,47.517,3.1989,0.072505
0.6140,0.228984,47.526,3.1990,0.057246
0.6150,0.156737,47.535,3.1992,0.039184
0.6160,0.037587,47.544,3.1994,0.009397
0.6170,-0.027042,47.553,3.1995,0.006760
0.6180,-0.101487,47.562,3.1996,0.025372
0.6190,-0.189679,47.571,3.1997,0.047420
0.6200,-0.276838,47.580,3.1998,0.069210
0.6210,-0.313894,47.589,3.1999,0.078474
0.6220,-0.404244,47.598,3.1999,0.101061
0.6230,-0.413071,47.607,3.2000,0.103268
0.6240,-0.434562,47.616,3.2000,0.108641
0.6250,-0.439010,47.625,3.2000,0.109752
0.6260,-0.442972,47.634,3.2000,0.110743
0.6270,-0.422596,47.643,3.2000,0.105649
0.6280,-0.373266,47.652,3.1999,0.093316
0.6290,-0.327718,47.661,3.1999,0.081930
0.6300,-0.284592,47.670,3.1998,0.071148
0.6310,-0.203654,47.679,3.1997,0.050913
0.6320,-0.107420,47.688,3.1996,0.026855
0.6330,-0.038916,47.697,3.1995,0.009729
0.6340,0.056781,47.706,3.1994,0.014195
0.6350,0.130093,47.715,3.1992,0.032523
0.6360,0.226742,47.724,3.1990,0.056686
0.6370,0.312605,47.733,3.1989,0.078151
0.6380,0.332590,47.742,3.1987,0.083148
0.6390,0.401786,47.751,3.1985,0.100447
0.6400,0.432552,47.760,3.1982,0.108138
0.6410,0.438498,47.769,3.1980,0.109624
0.6420,0.455351,47.778,3.1977,0.113838
0.6430,0.474708,47.787,3.1975,0.118677
0.6440,0.409218,47.796,3.1972,0.102304
0.6450,0.372630,47.805,3.1969,0.093157
0.6460,0.323731,47.814,3.1965,0.080933
0.6470,0.240319,47.823,3.1962,0.060080
0.6480,0.139491,47.832,3.1959,0.034873
0.6490,0.098033,47.841,3.1955,0.024508
0.6500,-0.010992,47.850,3.1951,0.002748
0.6510,-0.122192,47.859,3.1947,0.030548
0.6520,-0.176770,47.868,3.1943,0.044192
0.6530,-0.252860,47.877,3.1939,0.063215
0.6540,-0.288643,47.886,3.1934,0.072161
0.6550,-0.370642,47.895,3.1930,0.092661
0.6560,-0.380364,47.904,3.1925,0.095091
0.6570,-0.418430,47.913,3.1920,0.104607
0.6580,-0.449624,47.922,3.1915,0.112406
0.6590,-0.453878,47.931,3.1910,0.113469
0.6600,-0.407070,47.940,3.1905,0.101767
0.6610,-0.383046,47.949,3.1899,0.095762
0.6620,-0.353062,47.958,3.1894,0.088265
0.6630,-0.292952,47.967,3.1888,0.073238
0.6640,-0.206696,47.976,3.1882,0.051674
0.6650,-0.120104,47.985,3.1876,0.030026
0.6660,-0.042823,47.994,3.1870,0.010706
0.6670,0.062110,48.003,3.1864,0.015528
0.6680,0.115623,48.012,3.1858,0.028906
0.6690,0.191204,48.021,3.1851,0.047801
0.6700,0.285826,48.030,3.1844,0.071457
0.6710,0.324106,48.039,3.1838,0.081027
0.6720,0.402625,48.048,3.1831,0.100656
0.6730,0.404731,48.057,3.1824,0.101183
0.6740,0.438724,48.066,3.1816,0.109681
0.6750,0.463914,48.075,3.1809,0.115978
0.6760,0.460197,48.084,3.1802,0.115049
0.6770,0.419488,48.093,3.1794,0.104872
0.6780,0.401712,48.102,3.1786,0.100428
0.6790,0.309266,48.111,3.1778,0.077317
0.6800,0.256353,48.120,3.1771,0.064088
0.6810,0.192208,48.129,3.1762,0.048052
0.6820,0.117077,48.138,3.1754,0.029269
0.6830,0.009752,48.147,3.1746,0.002438
0.6840,-0.040147,48.156,3.1738,0.010037
0.6850,-0.142193,48.165,3.1729,0.035548
0.6860,-0.232404,48.174,3.1720,0.058101
0.6870,-0.299519,48.183,3.1712,0.074880
0.6880,-0.326477,48.192,3.1703,0.081619
0.6890,-0.403756,48.201,3.1694,0.100939
0.6900,-0.433279,48.210,3.1685,0.108320
0.6910,-0.436241,48.219,3.1675,0.109060
0.6920,-0.456020,48.228,3.1666,0.114005
0.6930,-0.451041,48.237,3.1657,0.112760
0.6940,-0.423076,48.246,3.1647,0.105769
0.6950,-0.340952,48.255,3.1637,0.085238
0.6960,-0.326253,48.264,3.1628,0.081563
0.6970,-0.244052,48.273,3.1618,0.061013
0.6980,-0.155826,48.282,3.1608,0.038956
0.6990,-0.077338,48.291,3.1598,0.019334
0.7000,0.019490,48.300,3.1588,0.004873
0.7010,0.088966,48.309,3.1578,0.022241
0.7020,0.196334,48.318,3.1567,0.049083
0.7030,0.255617,48.327,3.1557,0.063904
0.7040,0.294421,48.336,3.1546,0.073605
0.7050,0.358225,48.345,3.1536,0.089556
0.7060,0.395191,48.354,3.1525,0.098798
0.7070,0.420323,48.363,3.1514,0.105081
0.7080,0.432614,48.372,3.1504,0.108154
0.7090,0.451025,48.381,3.1493,0.112756
0.7100,0.459733,48.390,3.1482,0.114933
0.7110,0.398749,48.399,3.1471,0.099687
0.7120,0.351430,48.408,3.1460,0.087857
0.7130,0.292125,48.417,3.1448,0.073031
0.7140,0.232340,48.426,3.1437,0.058085
0.7150,0.149183,48.435,3.1426,0.037296
0.7160,0.055154,48.444,3.1414,0.013788
0.7170,0.011811,48.453,3.1403,0.002953
0.7180,-0.111949,48.462,3.1391,0.027987
0.7190,-0.197363,48.471,3.1380,0.049341
0.7200,-0.270575,48.480,3.1368,0.067644
0.7210,-0.332563,48.489,3.1356,0.083141
0.7220,-0.348230,48.498,3.1345,0.087058
0.7230,-0.425723,48.507,3.1333,0.106431
0.7240,-0.444655,48.516,3.1321,0.111164
0.7250,-0.462576,48.525,3.1309,0.115644
0.7260,-0.455037,48.534,3.1297,0.113759
0.7270,-0.415984,48.543,3.1285,0.103996
0.7280,-0.361651,48.552,3.1273,0.090413
0.7290,-0.341926,48.561,3.1261,0.085482
0.7300,-0.279086,48.570,3.1249,0.069771
0.7310,-0.181011,48.579,3.1236,0.045253
0.7320,-0.102849,48.588,3.1224,0.025712
0.7330,-0.040989,48.597,3.1212,0.010247
0.7340,0.036262,48.606,3.1200,0.009065
0.7350,0.140458,48.615,3.1187,0.035114
0.7360,0.193010,48.624,3.1175,0.048252
0.7370,0.296512,48.633,3.1163,0.074128
0.7380,0.329697,48.642,3.1150,0.082424
0.7390,0.383771,48.651,3.1138,0.095943
0.7400,0.425268,48.660,3.1125,0.106317
0.7410,0.446745,48.669,3.1113,0.111686
0.7420,0.463035,48.678,3.1100,0.115759
0.7430,0.430893,48.687,3.1088,0.107723
0.7440,0.423577,48.696,3.1075,0.105894
0.7450,0.367621,48.705,3.1063,0.091905
0.7460,0.315132,48.714,3.1050,0.078783
0.7470,0.249719,48.723,3.1038,0.062430
0.7480,0.153932,48.732,3.1025,0.038483
0.7490,0.082739,48.741,3.1013,0.020685
0.7500,-0.022238,48.750,3.1000,0.005560
0.7510,-0.074147,48.759,3.0987,0.018537
0.7520,-0.145566,48.768,3.0975,0.036392
0.7530,-0.237772,48.777,3.0962,0.059443
0.7540,-0.344870,48.786,3.0950,0.086218
0.7550,-0.368711,48.795,3.0937,0.092178
0.7560,-0.396823,48.804,3.0925,0.099206
0.7570,-0.425876,48.813,3.0912,0.106469
0.7580,-0.447877,48.822,3.0900,0.111969
0.7590,-0.440618,48.831,3.0887,0.110154
0.7600,-0.420612,48.840,3.0875,0.105153
0.7610,-0.380932,48.849,3.0862,0.095233
0.7620,-0.341299,48.858,3.0850,0.085325
0.7630,-0.282286,48.867,3.0837,0.070572
0.7640,-0.201635,48.876,3.0825,0.050409
0.7650,-0.140017,48.885,3.0813,0.035004
0.7660,-0.046480,48.894,3.0800,0.011620
0.7670,0.028616,48.903,3.0788,0.007154
0.7680,0.109768,48.912,3.0776,0.027442
0.7690,0.218444,48.921,3.0764,0.054611
0.7700,0.231818,48.930,3.0751,0.057954
0.7710,0.322918,48.939,3.0739,0.080729
0.7720,0.387782,48.948,3.0727,0.096945
0.7730,0.423003,48.957,3.0715,0.105751
0.7740,0.450977,48.966,3.0703,0.112744
0.7750,0.444440,48.975,3.0691,0.111110
0.7760,0.456827,48.984,3.0679,0.114207
0.7770,0.395766,48.993,3.0667,0.098942
0.7780,0.350235,49.002,3.0655,0.087559
0.7790,0.315763,49.011,3.0644,0.078941
0.7800,0.260661,49.020,3.0632,0.065165
0.7810,0.190360,49.029,3.0620,0.047590
0.7820,0.152248,49.038,3.0609,0.038062
0.7830,0.017877,49.047,3.0597,0.004469
0.7840,-0.066335,49.056,3.0586,0.016584
0.7850,-0.166048,49.065,3.0574,0.041512
0.7860,-0.251595,49.074,3.0563,0.062899
0.7870,-0.290239,49.083,3.0552,0.072560
0.7880,-0.315567,49.092,3.0540,0.078892
0.7890,-0.402975,49.101,3.0529,0.100744
0.7900,-0.406682,49.110,3.0518,0.101670
0.7910,-0.450874,49.119,3.0507,0.112718
0.7920,-0.444534,49.128,3.0496,0.111133
0.7930,-0.436705,49.137,3.0486,0.109176
0.7940,-0.388854,49.146,3.0475,0.097214
0.7950,-0.352256,49.155,3.0464,0.088064
0.7960,-0.308377,49.164,3.0454,0.077094
0.7970,-0.239336,49.173,3.0443,0.059834
0.7980,-0.168964,49.182,3.0433,0.042241
0.7990,-0.087341,49.191,3.0422,0.021835
0.8000,0.005138,49.200,3.0412,0.001284
0.8010,0.081695,49.209,3.0402,0.020424
0.8020,0.159906,49.218,3.0392,0.039976
0.8030,0.223155,49.227,3.0382,0.055789
0.8040,0.290756,49.236,3.0372,0.072689
0.8050,0.358744,49.245,3.0363,0.089686
0.8060,0.390188,49.254,3.0353,0.097547
0.8070,0.431477,49.263,3.0343,0.107869
0.8080,0.462311,49.272,3.0334,0.115578
0.8090,0.451038,49.281,3.0325,0.112759
0.8100,0.411668,49.290,3.0315,0.102917
0.8110,0.390503,49.299,3.0306,0.097626
0.8120,0.346858,49.308,3.0297,0.086714
0.8130,0.289457,49.317,3.0288,0.072364
0.8140,0.211898,49.326,3.0280,0.052974
0.8150,0.143324,49.335,3.0271,0.035831
0.8160,0.052123,49.344,3.0262,0.013031
0.8170,-0.036633,49.353,3.0254,0.009158
0.8180,-0.110330,49.362,3.0246,0.027583
0.8190,-0.172467,49.371,3.0238,0.043117
0.8200,-0.278099,49.380,3.0229,0.069525
0.8210,-0.328450,49.389,3.0222,0.082113
0.8220,-0.383856,49.398,3.0214,0.095964
0.8230,-0.397134,49.407,3.0206,0.099284
0.8240,-0.438808,49.416,3.0198,0.109702
0.8250,-0.444233,49.425,3.0191,0.111058
0.8260,-0.455938,49.434,3.0184,0.113984
0.8270,-0.397748,49.443,3.0176,0.099437
0.8280,-0.355618,49.452,3.0169,0.088905
0.8290,-0.302033,49.461,3.0162,0.075508
0.8300,-0.247556,49.470,3.0156,0.061889
0.8310,-0.211400,49.479,3.0149,0.052850
0.8320,-0.104401,49.488,3.0142,0.026100
0.8330,-0.043521,49.497,3.0136,0.010880
0.8340,0.048448,49.506,3.0130,0.012112
0.8350,0.117632,49.515,3.0124,0.029408
0.8360,0.209086,49.524,3.0118,0.052272
0.8370,0.302591,49.533,3.0112,0.075648
0.8380,0.347348,49.542,3.0106,0.086837
0.8390,0.394884,49.551,3.0101,0.098721
0.8400,0.399641,49.560,3.0095,0.099910
0.8410,0.473212,49.569,3.0090,0.118303
0.8420,0.433491,49.578,3.0085,0.108373
0.8430,0.436057,49.587,3.0080,0.109014
0.8440,0.390754,49.596,3.0075,0.097689
0.8450,0.356737,49.605,3.0070,0.089184
0.8460,0.292782,49.614,3.0066,0.073196
0.8470,0.260556,49.623,3.0061,0.065139
0.8480,0.147390,49.632,3.0057,0.036848
0.8490,0.072526,49.641,3.0053,0.018131
0.8500,0.001100,49.650,3.0049,0.000275
0.8510,-0.069765,49.659,3.0045,0.017441
0.8520,-0.165236,49.668,3.0041,0.041309
0.8530,-0.228365,49.677,3.0038,0.057091
0.8540,-0.318270,49.686,3.0035,0.079567
0.8550,-0.384267,49.695,3.0031,0.096067
0.8560,-0.418913,49.704,3.0028,0.104728
0.8570,-0.441069,49.713,3.0025,0.110267
0.8580,-0.488540,49.722,3.0023,0.122135
0.8590,-0.454295,49.731,3.0020,0.113574
0.8600,-0.441427,49.740,3.0018,0.110357
0.8610,-0.373874,49.749,3.0015,0.093468
0.8620,-0.351169,49.758,3.0013,0.087792
0.8630,-0.306371,49.767,3.0011,0.076593
0.8640,-0.216008,49.776,3.0010,0.054002
0.8650,-0.122136,49.785,3.0008,0.030534
0.8660,-0.037244,49.794,3.0006,0.009311
0.8670,0.020930,49.803,3.0005,0.005233
0.8680,0.089816,49.812,3.0004,0.022454
0.8690,0.191238,49.821,3.0003,0.047810
0.8700,0.270432,49.830,3.0002,0.067608
0.8710,0.333141,49.839,3.0001,0.083285
0.8720,0.370127,49.848,3.0001,0.092532
0.8730,0.409959,49.857,3.0000,0.102490
0.8740,0.432466,49.866,3.0000,0.108116
0.8750,0.456264,49.875,3.0000,0.114066
0.8760,0.430236,49.884,3.0000,0.107559
0.8770,0.422703,49.893,3.0000,0.105676
0.8780,0.392379,49.902,3.0001,0.098095
0.8790,0.345275,49.911,3.0001,0.086319
0.8800,0.284449,49.920,3.0002,0.071112
0.8810,0.192229,49.929,3.0003,0.048057
0.8820,0.135217,49.938,3.0004,0.033804
0.8830,0.044360,49.947,3.0005,0.011090
0.8840,-0.061693,49.956,3.0006,0.015423
0.8850,-0.137108,49.965,3.0008,0.034277
0.8860,-0.225798,49.974,3.0010,0.056450
0.8870,-0.278919,49.983,3.0011,0.069730
0.8880,-0.343800,49.992,3.0013,0.085950
0.8890,-0.418362,50.001,3.0015,0.104590
0.8900,-0.422429,50.010,3.0018,0.105607
0.8910,-0.456414,50.019,3.0020,0.114103
0.8920,-0.450116,50.028,3.0023,0.112529
0.8930,-0.451250,50.037,3.0025,0.112812
0.8940,-0.410913,50.046,3.0028,0.102728
0.8950,-0.351606,50.055,3.0031,0.087901
0.8960,-0.297887,50.064,3.0035,0.074472
0.8970,-0.223141,50.073,3.0038,0.055785
0.8980,-0.155457,50.082,3.0041,0.038864
0.8990,-0.082334,50.091,3.0045,0.020583
0.9000,-0.007453,50.100,3.0049,0.001863
0.9010,0.061838,50.109,3.0053,0.015460
0.9020,0.166608,50.118,3.0057,0.041652
0.9030,0.225907,50.127,3.0061,0.056477
0.9040,0.322983,50.136,3.0066,0.080746
0.9050,0.347669,50.145,3.0070,0.086917
0.9060,0.410672,50.154,3.0075,0.102668
0.9070,0.441856,50.163,3.0080,0.110464
0.9080,0.433834,50.172,3.0085,0.108459
0.9090,0.459893,50.181,3.0090,0.114973
0.9100,0.418730,50.190,3.0095,0.104683
0.9110,0.382490,50.199,3.0101,0.095623
0.9120,0.337249,50.208,3.0106,0.084312
0.9130,0.278329,50.217,3.0112,0.069582
0.9140,0.178359,50.226,3.0118,0.044590
0.9150,0.128433,50.235,3.0124,0.032108
0.9160,0.051590,50.244,3.0130,0.012897
0.9170,-0.041259,50.253,3.0136,0.010315
0.9180,-0.102039,50.262,3.0142,0.025510
0.9190,-0.196852,50.271,3.0149,0.049213
0.9200,-0.268642,50.280,3.0156,0.067160
0.9210,-0.328262,50.289,3.0162,0.082065
0.9220,-0.387107,50.298,3.0169,0.096777
0.9230,-0.425224,50.307,3.0176,0.106306
0.9240,-0.434347,50.316,3.0184,0.108587
0.9250,-0.436060,50.325,3.0191,0.109015
0.9260,-0.456267,50.334,3.0198,0.114067
0.9270,-0.426281,50.343,3.0206,0.106570
0.9280,-0.392392,50.352,3.0214,0.098098
0.9290,-0.315615,50.361,3.0222,0.078904
0.9300,-0.252532,50.370,3.0229,0.063133
0.9310,-0.186933,50.379,3.0238,0.046733
0.9320,-0.092217,50.388,3.0246,0.023054
0.9330,-0.023703,50.397,3.0254,0.005926
0.9340,0.049812,50.406,3.0262,0.012453
0.9350,0.149818,50.415,3.0271,0.037454
0.9360,0.179788,50.424,3.0280,0.044947
0.9370,0.309031,50.433,3.0288,0.077258
0.9380,0.333978,50.442,3.0297,0.083495
0.9390,0.380854,50.451,3.0306,0.095213
0.9400,0.445338,50.460,3.0315,0.111334
0.9410,0.414585,50.469,3.0325,0.103646
0.9420,0.444196,50.478,3.0334,0.111049
0.9430,0.457490,50.487,3.0343,0.114372
0.9440,0.424335,50.496,3.0353,0.106084
0.9450,0.359281,50.505,3.0363,0.089820
0.9460,0.314891,50.514,3.0372,0.078723
0.9470,0.228977,50.523,3.0382,0.057244
0.9480,0.157517,50.532,3.0392,0.039379
0.9490,0.091095,50.541,3.0402,0.022774
0.9500,-0.013982,50.550,3.0412,0.003496
0.9510,-0.076780,50.559,3.0422,0.019195
0.9520,-0.189225,50.568,3.0433,0.047306
0.9530,-0.264053,50.577,3.0443,0.066013
0.9540,-0.291658,50.586,3.0454,0.072914
0.9550,-0.385422,50.595,3.0464,0.096356
0.9560,-0.420787,50.604,3.0475,0.105197
0.9570,-0.441175,50.613,3.0486,0.110294
0.9580,-0.429459,50.622,3.0496,0.107365
0.9590,-0.469145,50.631,3.0507,0.117286
0.9600,-0.417150,50.640,3.0518,0.104287
0.9610,-0.392334,50.649,3.0529,0.098083
0.9620,-0.337266,50.658,3.0540,0.084316
0.9630,-0.268315,50.667,3.0552,0.067079
0.9640,-0.243905,50.676,3.0563,0.060976
0.9650,-0.134392,50.685,3.0574,0.033598
0.9660,-0.065335,50.694,3.0586,0.016334
0.9670,0.032092,50.703,3.0597,0.008023
0.9680,0.118097,50.712,3.0609,0.029524
0.9690,0.192824,50.721,3.0620,0.048206
0.9700,0.272941,50.730,3.0632,0.068235
0.9710,0.334288,50.739,3.0644,0.083572
0.9720,0.394504,50.748,3.0655,0.098626
0.9730,0.432616,50.757,3.0667,0.108154
0.9740,0.410731,50.766,3.0679,0.102683
0.9750,0.414081,50.775,3.0691,0.103520
0.9760,0.431109,50.784,3.0703,0.107777
0.9770,0.407306,50.793,3.0715,0.101827
0.9780,0.366099,50.802,3.0727,0.091525
0.9790,0.356901,50.811,3.0739,0.089225
0.9800,0.269066,50.820,3.0751,0.067266
0.9810,0.194773,50.829,3.0764,0.048693
0.9820,0.107237,50.838,3.0776,0.026809
0.9830,0.035443,50.847,3.0788,0.008861
0.9840,-0.061185,50.856,3.0800,0.015296
0.9850,-0.143986,50.865,3.0813,0.035996
0.9860,-0.194949,50.874,3.0825,0.048737
0.9870,-0.269794,50.883,3.0837,0.067448
0.9880,-0.333314,50.892,3.0850,0.083328
0.9890,-0.407895,50.901,3.0862,0.101974
0.9900,-0.448047,50.910,3.0875,0.112012
0.9910,-0.444645,50.919,3.0887,0.111161
0.9920,-0.439306,50.928,3.0900,0.109827
0.9930,-0.426104,50.937,3.0912,0.106526
0.9940,-0.397241,50.946,3.0925,0.099310
0.9950,-0.350497,50.955,3.0937,0.087624
0.9960,-0.303842,50.964,3.0950,0.075961
0.9970,-0.246555,50.973,3.0962,0.061639
0.9980,-0.138926,50.982,3.0975,0.034732
0.9990,-0.084651,50.991,3.0987,0.021163
1.0000,-0.032271,51.000,3.1000,0.008068
1.0010,0.101128,51.009,3.1013,0.025282
1.0020,0.184836,51.018,3.1025,0.046209
1.0030,0.253492,51.027,3.1038,0.063373
1.0040,0.267024,51.036,3.1050,0.066756
1.0050,0.385598,51.045,3.1063,0.096400
1.0060,0.402188,51.054,3.1075,0.100547
1.0070,0.437771,51.063,3.1088,0.109443
1.0080,0.424529,51.072,3.1100,0.106132
1.0090,0.450254,51.081,3.1113,0.112564
1.0100,0.443325,51.090,3.1125,0.110831
1.0110,0.394116,51.099,3.1138,0.098529
1.0120,0.341639,51.108,3.1150,0.085410
1.0130,0.289310,51.117,3.1163,0.072327
1.0140,0.212564,51.126,3.1175,0.053141
1.0150,0.121276,51.135,3.1187,0.030319
1.0160,0.044008,51.144,3.1200,0.011002
1.0170,-0.021904,51.153,3.1212,0.005476
1.0180,-0.097489,51.162,3.1224,0.024372
1.0190,-0.165797,51.171,3.1236,0.041449
1.0200,-0.285734,51.180,3.1249,0.071433
1.0210,-0.343978,51.189,3.1261,0.085994
1.0220,-0.381324,51.198,3.1273,0.095331
1.0230,-0.391459,51.207,3.1285,0.097865
1.0240,-0.436861,51.216,3.1297,0.109215
1.0250,-0.472526,51.225,3.1309,0.118132
1.0260,-0.458592,51.234,3.1321,0.114648
1.0270,-0.399588,51.243,3.1333,0.099897
1.0280,-0.397933,51.252,3.1345,0.099483
1.0290,-0.316700,51.261,3.1356,0.079175
1.0300,-0.282867,51.270,3.1368,0.070717
1.0310,-0.201378,51.279,3.1380,0.050345
1.0320,-0.124384,51.288,3.1391,0.031096
1.0330,-0.001381,51.297,3.1403,0.000345
1.0340,0.065065,51.306,3.1414,0.016266
1.0350,0.129445,51.315,3.1426,0.032361
1.0360,0.215716,51.324,3.1437,0.053929
1.0370,0.266429,51.333,3.1448,0.066607
1.0380,0.353273,51.342,3.1460,0.088318
1.0390,0.408537,51.351,3.1471,0.102134
1.0400,0.448080,51.360,3.1482,0.112020
1.0410,0.450820,51.369,3.1493,0.112705
1.0420,0.436877,51.378,3.1504,0.109219
1.0430,0.433740,51.387,3.1514,0.108435
1.0440,0.404980,51.396,3.1525,0.101245
1.0450,0.333887,51.405,3.1536,0.083472
1.0460,0.317143,51.414,3.1546,0.079286
1.0470,0.274732,51.423,3.1557,0.068683
1.0480,0.163407,51.432,3.1567,0.040852
1.0490,0.068282,51.441,3.1578,0.017070
1.0500,-0.011347,51.450,3.1588,0.002837
1.0510,-0.070217,51.459,3.1598,0.017554
1.0520,-0.153270,51.468,3.1608,0.038317
1.0530,-0.244918,51.477,3.1618,0.061229
1.0540,-0.300201,51.486,3.1628,0.075050
1.0550,-0.372181,51.495,3.1637,0.093045
1.0560,-0.389507,51.504,3.1647,0.097377
1.0570,-0.445925,51.513,3.1657,0.111481
1.0580,-0.455982,51.522,3.1666,0.113995
1.0590,-0.435263,51.531,3.1675,0.108816
1.0600,-0.409170,51.540,3.1685,0.102293
1.0610,-0.404507,51.549,3.1694,0.101127
1.0620,-0.354852,51.558,3.1703,0.088713
1.0630,-0.299819,51.567,3.1712,0.074955
1.0640,-0.231632,51.576,3.1720,0.057908
1.0650,-0.131413,51.585,3.1729,0.032853
1.0660,-0.061476,51.594,3.1738,0.015369
1.0670,0.033247,51.603,3.1746,0.008312
1.0680,0.092446,51.612,3.1754,0.023111
1.0690,0.211654,51.621,3.1762,0.052913
1.0700,0.243984,51.630,3.1771,0.060996
1.0710,0.337599,51.639,3.1778,0.084400
1.0720,0.363147,51.648,3.1786,0.090787
1.0730,0.408556,51.657,3.1794,0.102139
1.0740,0.426075,51.666,3.1802,0.106519
1.0750,0.469719,51.675,3.1809,0.117430
1.0760,0.431495,51.684,3.1816,0.107874
1.0770,0.427530,51.693,3.1824,0.106882
1.0780,0.379830,51.702,3.1831,0.094958
1.0790,0.345185,51.711,3.1838,0.086296
1.0800,0.253780,51.720,3.1844,0.063445
1.0810,0.204535,51.729,3.1851,0.051134
1.0820,0.088042,51.738,3.1858,0.022010
1.0830,0.010172,51.747,3.1864,0.002543
1.0840,-0.067550,51.756,3.1870,0.016888
1.0850,-0.099722,51.765,3.1876,0.024930
1.0860,-0.214789,51.774,3.1882,0.053697
1.0870,-0.294022,51.783,3.1888,0.073505
1.0880,-0.352414,51.792,3.1894,0.088104
1.0890,-0.384131,51.801,3.1899,0.096033
1.0900,-0.437253,51.810,3.1905,0.109313
1.0910,-0.417917,51.819,3.1910,0.104479
1.0920,-0.449364,51.828,3.1915,0.112341
1.0930,-0.436833,51.837,3.1920,0.109208
1.0940,-0.405976,51.846,3.1925,0.101494
1.0950,-0.358136,51.855,3.1930,0.089534
1.0960,-0.297554,51.864,3.1934,0.074389
1.0970,-0.220027,51.873,3.1939,0.055007
1.0980,-0.130576,51.882,3.1943,0.032644
1.0990,-0.099464,51.891,3.1947,0.024866
1.1000,-0.006782,51.900,3.1951,0.001695
1.1010,0.082594,51.909,3.1955,0.020648
1.1020,0.151914,51.918,3.1959,0.037978
1.1030,0.229381,51.927,3.1962,0.057345
1.1040,0.298877,51.936,3.1965,0.074719
1.1050,0.355723,51.945,3.1969,0.088931
1.1060,0.419323,51.954,3.1972,0.104831
1.1070,0.445672,51.963,3.1975,0.111418
1.1080,0.488712,51.972,3.1977,0.122178
1.1090,0.482054,51.981,3.1980,0.120513
1.1100,0.450300,51.990,3.1982,0.112575
1.1110,0.379740,51.999,3.1985,0.094935
1.1120,0.364738,52.008,3.1987,0.091185
1.1130,0.295568,52.017,3.1989,0.073892
1.1140,0.215395,52.026,3.1990,0.053849
1.1150,0.124255,52.035,3.1992,0.031064
1.1160,0.082328,52.044,3.1994,0.020582
1.1170,0.001882,52.053,3.1995,0.000470
1.1180,-0.114969,52.062,3.1996,0.028742
1.1190,-0.192853,52.071,3.1997,0.048213
1.1200,-0.262925,52.080,3.1998,0.065731
1.1210,-0.340274,52.089,3.1999,0.085069
1.1220,-0.363051,52.098,3.1999,0.090763
1.1230,-0.427379,52.107,3.2000,0.106845
1.1240,-0.433824,52.116,3.2000,0.108456
1.1250,-0.463948,52.125,3.2000,0.115987
1.1260,-0.427950,52.134,3.2000,0.106987
1.1270,-0.424939,52.143,3.2000,0.106235
1.1280,-0.367305,52.152,3.1999,0.091826
1.1290,-0.310733,52.161,3.1999,0.077683
1.1300,-0.255535,52.170,3.1998,0.063884
1.1310,-0.192443,52.179,3.1997,0.048111
1.1320,-0.115700,52.188,3.1996,0.028925
1.1330,-0.025399,52.197,3.1995,0.006350
1.1340,0.037635,52.206,3.1994,0.009409
1.1350,0.144716,52.215,3.1992,0.036179
1.1360,0.223800,52.224,3.1990,0.055950
1.1370,0.272259,52.233,3.1989,0.068065
1.1380,0.329473,52.242,3.1987,0.082368
1.1390,0.374522,52.251,3.1985,0.093631
1.1400,0.421885,52.260,3.1982,0.105471
1.1410,0.471871,52.269,3.1980,0.117968
1.1420,0.453668,52.278,3.1977,0.113417
1.1430,0.420631,52.287,3.1975,0.105158
1.1440,0.404125,52.296,3.1972,0.101031
1.1450,0.388502,52.305,3.1969,0.097126
1.1460,0.299568,52.314,3.1965,0.074892
1.1470,0.239841,52.323,3.1962,0.059960
1.1480,0.154621,52.332,3.1959,0.038655
1.1490,0.107257,52.341,3.1955,0.026814
1.1500,-0.001393,52.350,3.1951,0.000348
1.1510,-0.087821,52.359,3.1947,0.021955
1.1520,-0.152249,52.368,3.1943,0.038062
1.1530,-0.230982,52.377,3.1939,0.057746
1.1540,-0.294826,52.386,3.1934,0.073707
1.1550,-0.357105,52.395,3.1930,0.089276
1.1560,-0.364108,52.404,3.1925,0.091027
1.1570,-0.414025,52.413,3.1920,0.103506
1.1580,-0.464098,52.422,3.1915,0.116024
1.1590,-0.429888,52.431,3.1910,0.107472
1.1600,-0.429719,52.440,3.1905,0.107430
1.1610,-0.383941,52.449,3.1899,0.095985
1.1620,-0.350285,52.458,3.1894,0.087571
1.1630,-0.281254,52.467,3.1888,0.070314
1.1640,-0.223855,52.476,3.1882,0.055964
1.1650,-0.140827,52.485,3.1876,0.035207
1.1660,-0.078495,52.494,3.1870,0.019624
1.1670,0.022059,52.503,3.1864,0.005515
1.1680,0.098398,52.512,3.1858,0.024599
1.1690,0.194712,52.521,3.1851,0.048678
1.1700,0.266233,52.530,3.1844,0.066558
1.1710,0.320057,52.539,3.1838,0.080014
1.1720,0.391157,52.548,3.1831,0.097789
1.1730,0.433761,52.557,3.1824,0.108440
1.1740,0.435942,52.566,3.1816,0.108985
1.1750,0.436375,52.575,3.1809,0.109094
1.1760,0.427625,52.584,3.1802,0.106906
1.1770,0.409512,52.593,3.1794,0.102378
1.1780,0.389120,52.602,3.1786,0.097280
1.1790,0.351662,52.611,3.1778,0.087915
1.1800,0.280228,52.620,3.1771,0.070057
1.1810,0.185152,52.629,3.1762,0.046288
1.1820,0.128908,52.638,3.1754,0.032227
1.1830,0.017389,52.647,3.1746,0.004347
1.1840,-0.065221,52.656,3.1738,0.016305
1.1850,-0.147683,52.665,3.1729,0.036921
1.1860,-0.198370,52.674,3.1720,0.049592
1.1870,-0.289002,52.683,3.1712,0.072250
1.1880,-0.332961,52.692,3.1703,0.083240
1.1890,-0.395285,52.701,3.1694,0.098821
1.1900,-0.406017,52.710,3.1685,0.101504
1.1910,-0.455870,52.719,3.1675,0.113968
1.1920,-0.482520,52.728,3.1666,0.120630
1.1930,-0.430301,52.737,3.1657,0.107575
1.1940,-0.399704,52.746,3.1647,0.099926
1.1950,-0.368339,52.755,3.1637,0.092085
1.1960,-0.338235,52.764,3.1628,0.084559
1.1970,-0.232204,52.773,3.1618,0.058051
1.1980,-0.143151,52.782,3.1608,0.035788
1.1990,-0.091828,52.791,3.1598,0.022957
1.2000,0.002017,52.800,3.1588,0.000504
1.2010,0.091756,52.809,3.1578,0.022939
1.2020,0.192955,52.818,3.1567,0.048239
1.2030,0.235491,52.827,3.1557,0.058873
1.2040,0.319815,52.836,3.1546,0.079954
1.2050,0.369763,52.845,3.1536,0.092441
1.2060,0.395139,52.854,3.1525,0.098785
1.2070,0.474001,52.863,3.1514,0.118500
1.2080,0.440692,52.872,3.1504,0.110173
1.2090,0.419344,52.881,3.1493,0.104836
1.2100,0.439096,52.890,3.1482,0.109774
1.2110,0.388757,52.899,3.1471,0.097189
1.2120,0.318595,52.908,3.1460,0.079649
1.2130,0.299014,52.917,3.1448,0.074754
1.2140,0.196803,52.926,3.1437,0.049201
1.2150,0.109978,52.935,3.1426,0.027495
1.2160,0.099584,52.944,3.1414,0.024896
1.2170,-0.025176,52.953,3.1403,0.006294
1.2180,-0.105668,52.962,3.1391,0.026417
1.2190,-0.171508,52.971,3.1380,0.042877
1.2200,-0.269277,52.980,3.1368,0.067319
1.2210,-0.317620,52.989,3.1356,0.079405
1.2220,-0.351571,52.998,3.1345,0.087893
1.2230,-0.422220,53.007,3.1333,0.105555
1.2240,-0.449673,53.016,3.1321,0.112418
1.2250,-0.467076,53.025,3.1309,0.116769
1.2260,-0.445344,53.034,3.1297,0.111336
1.2270,-0.421343,53.043,3.1285,0.105336
1.2280,-0.369218,53.052,3.1273,0.092304
1.2290,-0.344491,53.061,3.1261,0.086123
1.2300,-0.287282,53.070,3.1249,0.071821
1.2310,-0.190498,53.079,3.1236,0.047625
1.2320,-0.113892,53.088,3.1224,0.028473
1.2330,-0.033257,53.097,3.1212,0.008314
1.2340,0.038638,53.106,3.1200,0.009659
1.2350,0.114238,53.115,3.1187,0.028560
1.2360,0.227318,53.124,3.1175,0.056830
1.2370,0.320578,53.133,3.1163,0.080144
1.2380,0.329509,53.142,3.1150,0.082377
1.2390,0.388157,53.151,3.1138,0.097039
1.2400,0.433463,53.160,3.1125,0.108366
1.2410,0.428656,53.169,3.1113,0.107164
1.2420,0.450870,53.178,3.1100,0.112718
1.2430,0.414596,53.187,3.1088,0.103649
1.2440,0.427177,53.196,3.1075,0.106794
1.2450,0.346849,53.205,3.1063,0.086712
1.2460,0.276149,53.214,3.1050,0.069037
1.2470,0.255311,53.223,3.1038,0.063828
1.2480,0.184833,53.232,3.1025,0.046208
1.2490,0.090862,53.241,3.1013,0.022715
1.2500,-0.029712,53.250,3.1000,0.007428
1.2510,-0.079119,53.259,3.0987,0.019780
1.2520,-0.173142,53.268,3.0975,0.043285
1.2530,-0.239844,53.277,3.0962,0.059961
1.2540,-0.282308,53.286,3.0950,0.070577
1.2550,-0.379195,53.295,3.0937,0.094799
1.2560,-0.395840,53.304,3.0925,0.098960
1.2570,-0.438967,53.313,3.0912,0.109742
1.2580,-0.448637,53.322,3.0900,0.112159
1.2590,-0.435737,53.331,3.0887,0.108934
1.2600,-0.416418,53.340,3.0875,0.104104
1.2610,-0.351982,53.349,3.0862,0.087995
1.2620,-0.368819,53.358,3.0850,0.092205
1.2630,-0.281193,53.367,3.0837,0.070298
1.2640,-0.198975,53.376,3.0825,0.049744
1.2650,-0.122062,53.385,3.0813,0.030516
1.2660,-0.070143,53.394,3.0800,0.017536
1.2670,0.025855,53.403,3.0788,0.006464
1.2680,0.090689,53.412,3.0776,0.022672
1.2690,0.208328,53.421,3.0764,0.052082
1.2700,0.247307,53.430,3.0751,0.061827
1.2710,0.306530,53.439,3.0739,0.076632
1.2720,0.376110,53.448,3.0727,0.094027
1.2730,0.406284,53.457,3.0715,0.101571
1.2740,0.436377,53.466,3.0703,0.109094
1.2750,0.464887,53.475,3.0691,0.116222
1.2760,0.427834,53.484,3.0679,0.106958
1.2770,0.425902,53.493,3.0667,0.106476
1.2780,0.374030,53.502,3.0655,0.093507
1.2790,0.330707,53.511,3.0644,0.082677
1.2800,0.254285,53.520,3.0632,0.063571
1.2810,0.201704,53.529,3.0620,0.050426
1.2820,0.115994,53.538,3.0609,0.028998
1.2830,0.046594,53.547,3.0597,0.011649
1.2840,-0.077437,53.556,3.0586,0.019359
1.2850,-0.153700,53.565,3.0574,0.038425
1.2860,-0.205515,53.574,3.0563,0.051379
1.2870,-0.289920,53.583,3.0552,0.072480
1.2880,-0.356477,53.592,3.0540,0.089119
1.2890,-0.372691,53.601,3.0529,0.093173
1.2900,-0.431125,53.610,3.0518,0.107781
1.2910,-0.473490,53.619,3.0507,0.118373
1.2920,-0.441001,53.628,3.0496,0.110250
1.2930,-0.446582,53.637,3.0486,0.111645
1.2940,-0.398804,53.646,3.0475,0.099701
1.2950,-0.358830,53.655,3.0464,0.089708
1.2960,-0.308733,53.664,3.0454,0.077183
1.2970,-0.235067,53.673,3.0443,0.058767
1.2980,-0.154872,53.682,3.0433,0.038718
1.2990,-0.062887,53.691,3.0422,0.015722
1.3000,0.001977,53.700,3.0412,0.000494
1.3010,0.097060,53.709,3.0402,0.024265
1.3020,0.141710,53.718,3.0392,0.035427
1.3030,0.257122,53.727,3.0382,0.064280
1.3040,0.319620,53.736,3.0372,0.079905
1.3050,0.367256,53.745,3.0363,0.091814
1.3060,0.437482,53.754,3.0353,0.109370
1.3070,0.428319,53.763,3.0343,0.107080
1.3080,0.447468,53.772,3.0334,0.111867
1.3090,0.452825,53.781,3.0325,0.113206
1.3100,0.455191,53.790,3.0315,0.113798
1.3110,0.402480,53.799,3.0306,0.100620
1.3120,0.349095,53.808,3.0297,0.087274
1.3130,0.273470,53.817,3.0288,0.068368
1.3140,0.226047,53.826,3.0280,0.056512
1.3150,0.115435,53.835,3.0271,0.028859
1.3160,0.070138,53.844,3.0262,0.017535
1.3170,-0.039800,53.853,3.0254,0.009950
1.3180,-0.112427,53.862,3.0246,0.028107
1.3190,-0.207222,53.871,3.0238,0.051806
1.3200,-0.247830,53.880,3.0229,0.061958
1.3210,-0.312445,53.889,3.0222,0.078111
1.3220,-0.376246,53.898,3.0214,0.094062
1.3230,-0.414960,53.907,3.0206,0.103740
1.3240,-0.434521,53.916,3.0198,0.108630
1.3250,-0.458448,53.925,3.0191,0.114612
1.3260,-0.451034,53.934,3.0184,0.112759
1.3270,-0.400901,53.943,3.0176,0.100225
1.3280,-0.384370,53.952,3.0169,0.096092
1.3290,-0.318256,53.961,3.0162,0.079564
1.3300,-0.273476,53.970,3.0156,0.068369
1.3310,-0.199426,53.979,3.0149,0.049857
1.3320,-0.126025,53.988,3.0142,0.031506
1.3330,-0.058026,53.997,3.0136,0.014506
1.3340,0.045411,54.006,3.0130,0.011353
1.3350,0.134241,54.015,3.0124,0.033560
1.3360,0.200260,54.024,3.0118,0.050065
1.3370,0.288817,54.033,3.0112,0.072204
1.3380,0.323015,54.042,3.0106,0.080754
1.3390,0.391677,54.051,3.0101,0.097919
1.3400,0.426638,54.060,3.0095,0.106659
1.3410,0.420892,54.069,3.0090,0.105223
1.3420,0.467791,54.078,3.0085,0.116948
1.3430,0.455469,54.087,3.0080,0.113867
1.3440,0.399625,54.096,3.0075,0.099906
1.3450,0.369714,54.105,3.0070,0.092428
1.3460,0.328305,54.114,3.0066,0.082076
1.3470,0.236350,54.123,3.0061,0.059088
1.3480,0.149866,54.132,3.0057,0.037467
1.3490,0.095216,54.141,3.0053,0.023804
1.3500,0.019176,54.150,3.0049,0.004794
1.3510,-0.083403,54.159,3.0045,0.020851
1.3520,-0.137449,54.168,3.0041,0.034362
1.3530,-0.227955,54.177,3.0038,0.056989
1.3540,-0.303637,54.186,3.0035,0.075909
1.3550,-0.364610,54.195,3.0031,0.091153
1.3560,-0.410260,54.204,3.0028,0.102565
1.3570,-0.428536,54.213,3.0025,0.107134
1.3580,-0.444284,54.222,3.0023,0.111071
1.3590,-0.445810,54.231,3.0020,0.111452
1.3600,-0.392205,54.240,3.0018,0.098051
1.3610,-0.390347,54.249,3.0015,0.097587
1.3620,-0.351278,54.258,3.0013,0.087819
1.3630,-0.285161,54.267,3.0011,0.071290
1.3640,-0.216519,54.276,3.0010,0.054130
1.3650,-0.159206,54.285,3.0008,0.039802
1.3660,-0.096182,54.294,3.0006,0.024045
1.3670,0.030069,54.303,3.0005,0.007517
1.3680,0.127900,54.312,3.0004,0.031975
1.3690,0.195577,54.321,3.0003,0.048894
1.3700,0.268555,54.330,3.0002,0.067139
1.3710,0.340354,54.339,3.0001,0.085088
1.3720,0.396966,54.348,3.0001,0.099241
1.3730,0.416834,54.357,3.0000,0.104209
1.3740,0.434051,54.366,3.0000,0.108513
1.3750,0.428324,54.375,3.0000,0.107081
1.3760,0.454912,54.384,3.0000,0.113728
1.3770,0.427319,54.393,3.0000,0.106830
1.3780,0.372745,54.402,3.0001,0.093186
1.3790,0.299530,54.411,3.0001,0.074882
1.3800,0.274778,54.420,3.0002,0.068695
1.3810,0.183948,54.429,3.0003,0.045987
1.3820,0.112371,54.438,3.0004,0.028093
1.3830,0.034508,54.447,3.0005,0.008627
1.3840,-0.052798,54.456,3.0006,0.013200
1.3850,-0.138944,54.465,3.0008,0.034736
1.3860,-0.253115,54.474,3.0010,0.063279
1.3870,-0.289519,54.483,3.0011,0.072380
1.3880,-0.334546,54.492,3.0013,0.083637
1.3890,-0.390397,54.501,3.0015,0.097599
1.3900,-0.428829,54.510,3.0018,0.107207
1.3910,-0.447359,54.519,3.0020,0.111840
1.3920,-0.440063,54.528,3.0023,0.110016
1.3930,-0.435466,54.537,3.0025,0.108866
1.3940,-0.401852,54.546,3.0028,0.100463
1.3950,-0.348724,54.555,3.0031,0.087181
1.3960,-0.294412,54.564,3.0035,0.073603
1.3970,-0.232891,54.573,3.0038,0.058223
1.3980,-0.138955,54.582,3.0041,0.034739
1.3990,-0.065283,54.591,3.0045,0.016321
1.4000,0.008742,54.600,3.0049,0.002186
1.4010,0.102392,54.609,3.0053,0.025598
1.4020,0.170969,54.618,3.0057,0.042742
1.4030,0.237939,54.627,3.0061,0.059485
1.4040,0.323669,54.636,3.0066,0.080917
1.4050,0.363890,54.645,3.0070,0.090972
1.4060,0.429771,54.654,3.0075,0.107443
1.4070,0.442007,54.663,3.0080,0.110502
1.4080,0.454351,54.672,3.0085,0.113588
1.4090,0.421035,54.681,3.0090,0.105259
1.4100,0.438598,54.690,3.0095,0.109649
1.4110,0.381865,54.699,3.0101,0.095466
1.4120,0.360273,54.708,3.0106,0.090068
1.4130,0.288583,54.717,3.0112,0.072146
1.4140,0.192780,54.726,3.0118,0.048195
1.4150,0.139226,54.735,3.0124,0.034807
1.4160,0.038435,54.744,3.0130,0.009609
1.4170,-0.038815,54.753,3.0136,0.009704
1.4180,-0.103571,54.762,3.0142,0.025893
1.4190,-0.163694,54.771,3.0149,0.040923
1.4200,-0.236499,54.780,3.0156,0.059125
1.4210,-0.315383,54.789,3.0162,0.078846
1.4220,-0.373556,54.798,3.0169,0.093389
1.4230,-0.402173,54.807,3.0176,0.100543
1.4240,-0.417721,54.816,3.0184,0.104430
1.4250,-0.488442,54.825,3.0191,0.122111
1.4260,-0.444804,54.834,3.0198,0.111201
1.4270,-0.424731,54.843,3.0206,0.106183
1.4280,-0.392514,54.852,3.0214,0.098128
1.4290,-0.321076,54.861,3.0222,0.080269
1.4300,-0.258804,54.870,3.0229,0.064701
1.4310,-0.197342,54.879,3.0238,0.049336
1.4320,-0.138443,54.888,3.0246,0.034611
1.4330,-0.043710,54.897,3.0254,0.010928
1.4340,0.029339,54.906,3.0262,0.007335
1.4350,0.119641,54.915,3.0271,0.029910
1.4360,0.250788,54.924,3.0280,0.062697
1.4370,0.283655,54.933,3.0288,0.070914
1.4380,0.338134,54.942,3.0297,0.084534
1.4390,0.379761,54.951,3.0306,0.094940
1.4400,0.421691,54.960,3.0315,0.105423
1.4410,0.456243,54.969,3.0325,0.114061
1.4420,0.453328,54.978,3.0334,0.113332
1.4430,0.432962,54.987,3.0343,0.108240
1.4440,0.376203,54.996,3.0353,0.094051
1.4450,0.387997,55.005,3.0363,0.096999
1.4460,0.310759,55.014,3.0372,0.077690
1.4470,0.234937,55.023,3.0382,0.058734
1.4480,0.139305,55.032,3.0392,0.034826
1.4490,0.084596,55.041,3.0402,0.021149
1.4500,-0.044087,55.050,3.0412,0.011022
1.4510,-0.089388,55.059,3.0422,0.022347
1.4520,-0.157958,55.068,3.0433,0.039490
1.4530,-0.259371,55.077,3.0443,0.064843
1.4540,-0.301742,55.086,3.0454,0.075435
1.4550,-0.346214,55.095,3.0464,0.086553
1.4560,-0.397251,55.104,3.0475,0.099313
1.4570,-0.429469,55.113,3.0486,0.107367
1.4580,-0.490813,55.122,3.0496,0.122703
1.4590,-0.434390,55.131,3.0507,0.108598
1.4600,-0.437161,55.140,3.0518,0.109290
1.4610,-0.415081,55.149,3.0529,0.103770
1.4620,-0.340481,55.158,3.0540,0.085120
1.4630,-0.276849,55.167,3.0552,0.069212
1.4640,-0.206971,55.176,3.0563,0.051743
1.4650,-0.161998,55.185,3.0574,0.040499
1.4660,-0.079096,55.194,3.0586,0.019774
1.4670,0.043327,55.203,3.0597,0.010832
1.4680,0.102807,55.212,3.0609,0.025702
1.4690,0.190629,55.221,3.0620,0.047657
1.4700,0.286244,55.230,3.0632,0.071561
1.4710,0.331459,55.239,3.0644,0.082865
1.4720,0.347683,55.248,3.0655,0.086921
1.4730,0.391107,55.257,3.0667,0.097777
1.4740,0.466223,55.266,3.0679,0.116556
1.4750,0.452261,55.275,3.0691,0.113065
1.4760,0.440275,55.284,3.0703,0.110069
1.4770,0.410543,55.293,3.0715,0.102636
1.4780,0.378371,55.302,3.0727,0.094593
1.4790,0.319495,55.311,3.0739,0.079874
1.4800,0.278514,55.320,3.0751,0.069629
1.4810,0.212150,55.329,3.0764,0.053038
1.4820,0.117787,55.338,3.0776,0.029447
1.4830,0.035009,55.347,3.0788,0.008752
1.4840,-0.053629,55.356,3.0800,0.013407
1.4850,-0.122458,55.365,3.0813,0.030615
1.4860,-0.190770,55.374,3.0825,0.047693
1.4870,-0.290457,55.383,3.0837,0.072614
1.4880,-0.354995,55.392,3.0850,0.088749
1.4890,-0.412702,55.401,3.0862,0.103176
1.4900,-0.429390,55.410,3.0875,0.107347
1.4910,-0.450733,55.419,3.0887,0.112683
1.4920,-0.397290,55.428,3.0900,0.099322
1.4930,-0.415262,55.437,3.0912,0.103816
1.4940,-0.375307,55.446,3.0925,0.093827
1.4950,-0.334102,55.455,3.0937,0.083526
1.4960,-0.324289,55.464,3.0950,0.081072
1.4970,-0.251140,55.473,3.0962,0.062785
1.4980,-0.158018,55.482,3.0975,0.039504
1.4990,-0.083794,55.491,3.0987,0.020948
1.5000,0.023929,55.500,3.1000,0.005982
1.5010,0.106929,55.509,3.1013,0.026732
1.5020,0.172319,55.518,3.1025,0.043080
1.5030,0.243500,55.527,3.1038,0.060875
1.5040,0.310546,55.536,3.1050,0.077636
1.5050,0.384923,55.545,3.1063,0.096231
1.5060,0.401995,55.554,3.1075,0.100499
1.5070,0.443699,55.563,3.1088,0.110925
1.5080,0.422734,55.572,3.1100,0.105683
1.5090,0.429359,55.581,3.1113,0.107340
1.5100,0.394555,55.590,3.1125,0.098639
1.5110,0.408283,55.599,3.1138,0.102071
1.5120,0.363595,55.608,3.1150,0.090899
1.5130,0.285495,55.617,3.1163,0.071374
1.5140,0.242034,55.626,3.1175,0.060508
1.5150,0.129248,55.635,3.1187,0.032312
1.5160,0.069380,55.644,3.1200,0.017345
1.5170,-0.035894,55.653,3.1212,0.008974
1.5180,-0.094340,55.662,3.1224,0.023585
1.5190,-0.187922,55.671,3.1236,0.046981
1.5200,-0.240157,55.680,3.1249,0.060039
1.5210,-0.311376,55.689,3.1261,0.077844
1.5220,-0.385857,55.698,3.1273,0.096464
1.5230,-0.414263,55.707,3.1285,0.103566
1.5240,-0.426737,55.716,3.1297,0.106684
1.5250,-0.439773,55.725,3.1309,0.109943
1.5260,-0.445030,55.734,3.1321,0.111258
1.5270,-0.414011,55.743,3.1333,0.103503
1.5280,-0.371207,55.752,3.1345,0.092802
1.5290,-0.325683,55.761,3.1356,0.081421
1.5300,-0.261009,55.770,3.1368,0.065252
1.5310,-0.176730,55.779,3.1380,0.044183
1.5320,-0.110438,55.788,3.1391,0.027609
1.5330,-0.047958,55.797,3.1403,0.011989
1.5340,0.045522,55.806,3.1414,0.011380
1.5350,0.131006,55.815,3.1426,0.032751
1.5360,0.216292,55.824,3.1437,0.054073
1.5370,0.294625,55.833,3.1448,0.073656
1.5380,0.342476,55.842,3.1460,0.085619
1.5390,0.408772,55.851,3.1471,0.102193
1.5400,0.422473,55.860,3.1482,0.105618
1.5410,0.458437,55.869,3.1493,0.114609
1.5420,0.476815,55.878,3.1504,0.119204
1.5430,0.448002,55.887,3.1514,0.112000
1.5440,0.406990,55.896,3.1525,0.101748
1.5450,0.356503,55.905,3.1536,0.089126
1.5460,0.302899,55.914,3.1546,0.075725
1.5470,0.199240,55.923,3.1557,0.049810
1.5480,0.174962,55.932,3.1567,0.043740
1.5490,0.087527,55.941,3.1578,0.021882
1.5500,0.012683,55.950,3.1588,0.003171
1.5510,-0.096041,55.959,3.1598,0.024010
1.5520,-0.144138,55.968,3.1608,0.036035
1.5530,-0.230824,55.977,3.1618,0.057706
1.5540,-0.295944,55.986,3.1628,0.073986
1.5550,-0.376020,55.995,3.1637,0.094005
1.5560,-0.399709,56.004,3.1647,0.099927
1.5570,-0.437822,56.013,3.1657,0.109455
1.5580,-0.446791,56.022,3.1666,0.111698
1.5590,-0.476072,56.031,3.1675,0.119018
1.5600,-0.424855,56.040,3.1685,0.106214
1.5610,-0.373421,56.049,3.1694,0.093355
1.5620,-0.334486,56.058,3.1703,0.083622
1.5630,-0.280823,56.067,3.1712,0.070206
1.5640,-0.230322,56.076,3.1720,0.057580
1.5650,-0.124122,56.085,3.1729,0.031031
1.5660,-0.070776,56.094,3.1738,0.017694
1.5670,0.022959,56.103,3.1746,0.005740
1.5680,0.087147,56.112,3.1754,0.021787
1.5690,0.184344,56.121,3.1762,0.046086
1.5700,0.259744,56.130,3.1771,0.064936
1.5710,0.337408,56.139,3.1778,0.084352
1.5720,0.376625,56.148,3.1786,0.094156
1.5730,0.421258,56.157,3.1794,0.105315
1.5740,0.472397,56.166,3.1802,0.118099
1.5750,0.432858,56.175,3.1809,0.108215
1.5760,0.450597,56.184,3.1816,0.112649
1.5770,0.429400,56.193,3.1824,0.107350
1.5780,0.387727,56.202,3.1831,0.096932
1.5790,0.339717,56.211,3.1838,0.084929
1.5800,0.272326,56.220,3.1844,0.068082
1.5810,0.203651,56.229,3.1851,0.050913
1.5820,0.110653,56.238,3.1858,0.027663
1.5830,0.022094,56.247,3.1864,0.005523
1.5840,-0.064387,56.256,3.1870,0.016097
1.5850,-0.140674,56.265,3.1876,0.035169
1.5860,-0.232902,56.274,3.1882,0.058226
1.5870,-0.309531,56.283,3.1888,0.077383
1.5880,-0.331205,56.292,3.1894,0.082801
1.5890,-0.435244,56.301,3.1899,0.108811
1.5900,-0.432673,56.310,3.1905,0.108168
1.5910,-0.427610,56.319,3.1910,0.106903
1.5920,-0.443960,56.328,3.1915,0.110990
1.5930,-0.442011,56.337,3.1920,0.110503
1.5940,-0.403175,56.346,3.1925,0.100794
1.5950,-0.346616,56.355,3.1930,0.086654
1.5960,-0.308484,56.364,3.1934,0.077121
1.5970,-0.246640,56.373,3.1939,0.061660
1.5980,-0.161800,56.382,3.1943,0.040450
1.5990,-0.057705,56.391,3.1947,0.014426
1.6000,-0.003648,56.400,3.1951,0.000912
1.6010,0.052025,56.409,3.1955,0.013006
1.6020,0.171993,56.418,3.1959,0.042998
1.6030,0.247934,56.427,3.1962,0.061983
1.6040,0.313824,56.436,3.1965,0.078456
1.6050,0.390773,56.445,3.1969,0.097693
1.6060,0.385211,56.454,3.1972,0.096303
1.6070,0.432789,56.463,3.1975,0.108197
1.6080,0.436630,56.472,3.1977,0.109158
1.6090,0.458545,56.481,3.1980,0.114636
1.6100,0.449363,56.490,3.1982,0.112341
1.6110,0.378701,56.499,3.1985,0.094675
1.6120,0.332059,56.508,3.1987,0.083015
1.6130,0.290213,56.517,3.1989,0.072553
1.6140,0.216224,56.526,3.1990,0.054056
1.6150,0.141312,56.535,3.1992,0.035328
1.6160,0.053288,56.544,3.1994,0.013322
1.6170,-0.019600,56.553,3.1995,0.004900
1.6180,-0.101881,56.562,3.1996,0.025470
1.6190,-0.206745,56.571,3.1997,0.051686
1.6200,-0.274777,56.580,3.1998,0.068694
1.6210,-0.307880,56.589,3.1999,0.076970
1.6220,-0.380891,56.598,3.1999,0.095223
1.6230,-0.393211,56.607,3.2000,0.098303
1.6240,-0.467808,56.616,3.2000,0.116952
1.6250,-0.437959,56.625,3.2000,0.109490
1.6260,-0.420841,56.634,3.2000,0.105210
1.6270,-0.408357,56.643,3.2000,0.102089
1.6280,-0.404103,56.652,3.1999,0.101026
1.6290,-0.349105,56.661,3.1999,0.087276
1.6300,-0.276577,56.670,3.1998,0.069144
1.6310,-0.204148,56.679,3.1997,0.051037
1.6320,-0.112592,56.688,3.1996,0.028148
1.6330,-0.007038,56.697,3.1995,0.001759
1.6340,0.052894,56.706,3.1994,0.013223
1.6350,0.141475,56.715,3.1992,0.035369
1.6360,0.233070,56.724,3.1990,0.058267
1.6370,0.257269,56.733,3.1989,0.064317
1.6380,0.336279,56.742,3.1987,0.084070
1.6390,0.396535,56.751,3.1985,0.099134
1.6400,0.431360,56.760,3.1982,0.107840
1.6410,0.470292,56.769,3.1980,0.117573
1.6420,0.441904,56.778,3.1977,0.110476
1.6430,0.424227,56.787,3.1975,0.106057
1.6440,0.403929,56.796,3.1972,0.100982
1.6450,0.378718,56.805,3.1969,0.094680
1.6460,0.310137,56.814,3.1965,0.077534
1.6470,0.240421,56.823,3.1962,0.060105
1.6480,0.154018,56.832,3.1959,0.038505
1.6490,0.091395,56.841,3.1955,0.022849
1.6500,-0.000992,56.850,3.1951,0.000248
1.6510,-0.073793,56.859,3.1947,0.018448
1.6520,-0.160802,56.868,3.1943,0.040201
1.6530,-0.225047,56.877,3.1939,0.056262
1.6540,-0.302779,56.886,3.1934,0.075695
1.6550,-0.385861,56.895,3.1930,0.096465
1.6560,-0.397778,56.904,3.1925,0.099445
1.6570,-0.419586,56.913,3.1920,0.104897
1.6580,-0.456292,56.922,3.1915,0.114073
1.6590,-0.445734,56.931,3.1910,0.111434
1.6600,-0.452110,56.940,3.1905,0.113027
1.6610,-0.418127,56.949,3.1899,0.104532
1.6620,-0.356088,56.958,3.1894,0.089022
1.6630,-0.280157,56.967,3.1888,0.070039
1.6640,-0.233133,56.976,3.1882,0.058283
1.6650,-0.127108,56.985,3.1876,0.031777
1.6660,-0.054817,56.994,3.1870,0.013704
1.6670,0.023997,57.003,3.1864,0.005999
1.6680,0.112262,57.012,3.1858,0.028065
1.6690,0.201002,57.021,3.1851,0.050250
1.6700,0.257261,57.030,3.1844,0.064315
1.6710,0.345252,57.039,3.1838,0.086313
1.6720,0.394131,57.048,3.1831,0.098533
1.6730,0.387980,57.057,3.1824,0.096995
1.6740,0.448908,57.066,3.1816,0.112227
1.6750,0.436795,57.075,3.1809,0.109199
1.6760,0.441432,57.084,3.1802,0.110358
1.6770,0.417173,57.093,3.1794,0.104293
1.6780,0.370524,57.102,3.1786,0.092631
1.6790,0.343088,57.111,3.1778,0.085772
1.6800,0.277646,57.120,3.1771,0.069411
1.6810,0.186716,57.129,3.1762,0.046679
1.6820,0.101211,57.138,3.1754,0.025303
1.6830,0.035136,57.147,3.1746,0.008784
1.6840,-0.038391,57.156,3.1738,0.009598
1.6850,-0.132172,57.165,3.1729,0.033043
1.6860,-0.206760,57.174,3.1720,0.051690
1.6870,-0.267175,57.183,3.1712,0.066794
1.6880,-0.331679,57.192,3.1703,0.082920
1.6890,-0.406828,57.201,3.1694,0.101707
1.6900,-0.423461,57.210,3.1685,0.105865
1.6910,-0.438127,57.219,3.1675,0.109532
1.6920,-0.465286,57.228,3.1666,0.116322
1.6930,-0.444850,57.237,3.1657,0.111213
1.6940,-0.425451,57.246,3.1647,0.106363
1.6950,-0.357021,57.255,3.1637,0.089255
1.6960,-0.307689,57.264,3.1628,0.076922
1.6970,-0.208064,57.273,3.1618,0.052016
1.6980,-0.169172,57.282,3.1608,0.042293
1.6990,-0.101572,57.291,3.1598,0.025393
1.7000,0.002617,57.300,3.1588,0.000654
1.7010,0.086554,57.309,3.1578,0.021638
1.7020,0.147252,57.318,3.1567,0.036813
1.7030,0.232640,57.327,3.1557,0.058160
1.7040,0.285738,57.336,3.1546,0.071435
1.7050,0.364088,57.345,3.1536,0.091022
1.7060,0.431977,57.354,3.1525,0.107994
1.7070,0.440505,57.363,3.1514,0.110126
1.7080,0.452570,57.372,3.1504,0.113142
1.7090,0.438065,57.381,3.1493,0.109516
1.7100,0.445411,57.390,3.1482,0.111353
1.7110,0.395706,57.399,3.1471,0.098926
1.7120,0.366465,57.408,3.1460,0.091616
1.7130,0.279350,57.417,3.1448,0.069838
1.7140,0.229264,57.426,3.1437,0.057316
1.7150,0.103227,57.435,3.1426,0.025807
1.7160,0.069173,57.444,3.1414,0.017293
1.7170,-0.011836,57.453,3.1403,0.002959
1.7180,-0.112584,57.462,3.1391,0.028146
1.7190,-0.181992,57.471,3.1380,0.045498
1.7200,-0.272850,57.480,3.1368,0.068212
1.7210,-0.327945,57.489,3.1356,0.081986
1.7220,-0.387208,57.498,3.1345,0.096802
1.7230,-0.441717,57.507,3.1333,0.110429
1.7240,-0.437513,57.516,3.1321,0.109378
1.7250,-0.461192,57.525,3.1309,0.115298
1.7260,-0.442585,57.534,3.1297,0.110646
1.7270,-0.413030,57.543,3.1285,0.103258
1.7280,-0.395731,57.552,3.1273,0.098933
1.7290,-0.324716,57.561,3.1261,0.081179
1.7300,-0.288611,57.570,3.1249,0.072153
1.7310,-0.179319,57.579,3.1236,0.044830
1.7320,-0.113120,57.588,3.1224,0.028280
1.7330,-0.019311,57.597,3.1212,0.004828
1.7340,0.060590,57.606,3.1200,0.015147
1.7350,0.154449,57.615,3.1187,0.038612
1.7360,0.200856,57.624,3.1175,0.050214
1.7370,0.289411,57.633,3.1163,0.072353
1.7380,0.341538,57.642,3.1150,0.085385
1.7390,0.390753,57.651,3.1138,0.097688
1.7400,0.440115,57.660,3.1125,0.110029
1.7410,0.454340,57.669,3.1113,0.113585
1.7420,0.477597,57.678,3.1100,0.119399
1.7430,0.427514,57.687,3.1088,0.106878
1.7440,0.407923,57.696,3.1075,0.101981
1.7450,0.351668,57.705,3.1063,0.087917
1.7460,0.283283,57.714,3.1050,0.070821
1.7470,0.250555,57.723,3.1038,0.062639
1.7480,0.180531,57.732,3.1025,0.045133
1.7490,0.082269,57.741,3.1013,0.020567
1.7500,0.009335,57.750,3.1000,0.002334
1.7510,-0.073960,57.759,3.0987,0.018490
1.7520,-0.156986,57.768,3.0975,0.039246
1.7530,-0.224804,57.777,3.0962,0.056201
1.7540,-0.311424,57.786,3.0950,0.077856
1.7550,-0.366250,57.795,3.0937,0.091562
1.7560,-0.404908,57.804,3.0925,0.101227
1.7570,-0.427042,57.813,3.0912,0.106760
1.7580,-0.437989,57.822,3.0900,0.109497
1.7590,-0.435011,57.831,3.0887,0.108753
1.7600,-0.440349,57.840,3.0875,0.110087
1.7610,-0.384879,57.849,3.0862,0.096220
1.7620,-0.381517,57.858,3.0850,0.095379
1.7630,-0.308988,57.867,3.0837,0.077247
1.7640,-0.202500,57.876,3.0825,0.050625
1.7650,-0.114413,57.885,3.0813,0.028603
1.7660,-0.054585,57.894,3.0800,0.013646
1.7670,0.037780,57.903,3.0788,0.009445
1.7680,0.113049,57.912,3.0776,0.028262
1.7690,0.182459,57.921,3.0764,0.045615
1.7700,0.241822,57.930,3.0751,0.060455
1.7710,0.318154,57.939,3.0739,0.079539
1.7720,0.365529,57.948,3.0727,0.091382
1.7730,0.419412,57.957,3.0715,0.104853
1.7740,0.479864,57.966,3.0703,0.119966
1.7750,0.456602,57.975,3.0691,0.114150
1.7760,0.459442,57.984,3.0679,0.114860
1.7770,0.436264,57.993,3.0667,0.109066
1.7780,0.373722,58.002,3.0655,0.093431
1.7790,0.322198,58.011,3.0644,0.080550
1.7800,0.271823,58.020,3.0632,0.067956
1.7810,0.207420,58.029,3.0620,0.051855
1.7820,0.118950,58.038,3.0609,0.029737
1.7830,0.041272,58.047,3.0597,0.010318
1.7840,-0.064817,58.056,3.0586,0.016204
1.7850,-0.121510,58.065,3.0574,0.030377
1.7860,-0.214264,58.074,3.0563,0.053566
1.7870,-0.280532,58.083,3.0552,0.070133
1.7880,-0.350136,58.092,3.0540,0.087534
1.7890,-0.404267,58.101,3.0529,0.101067
1.7900,-0.435306,58.110,3.0518,0.108826
1.7910,-0.432340,58.119,3.0507,0.108085
1.7920,-0.442297,58.128,3.0496,0.110574
1.7930,-0.458387,58.137,3.0486,0.114597
1.7940,-0.398035,58.146,3.0475,0.099509
1.7950,-0.371215,58.155,3.0464,0.092804
1.7960,-0.278421,58.164,3.0454,0.069605
1.7970,-0.240410,58.173,3.0443,0.060102
1.7980,-0.152814,58.182,3.0433,0.038203
1.7990,-0.077507,58.191,3.0422,0.019377
1.8000,0.011749,58.200,3.0412,0.002937
1.8010,0.080557,58.209,3.0402,0.020139
1.8020,0.197466,58.218,3.0392,0.049367
1.8030,0.247750,58.227,3.0382,0.061938
1.8040,0.295200,58.236,3.0372,0.073800
1.8050,0.370089,58.245,3.0363,0.092522
1.8060,0.398997,58.254,3.0353,0.099749
1.8070,0.426714,58.263,3.0343,0.106678
1.8080,0.446870,58.272,3.0334,0.111718
1.8090,0.413017,58.281,3.0325,0.103254
1.8100,0.448843,58.290,3.0315,0.112211
1.8110,0.398042,58.299,3.0306,0.099511
1.8120,0.343617,58.308,3.0297,0.085904
1.8130,0.273951,58.317,3.0288,0.068488
1.8140,0.232323,58.326,3.0280,0.058081
1.8150,0.128503,58.335,3.0271,0.032126
1.8160,0.063580,58.344,3.0262,0.015895
1.8170,-0.029537,58.353,3.0254,0.007384
1.8180,-0.110150,58.362,3.0246,0.027537
1.8190,-0.196763,58.371,3.0238,0.049191
1.8200,-0.261334,58.380,3.0229,0.065334
1.8210,-0.343583,58.389,3.0222,0.085896
1.8220,-0.381067,58.398,3.0214,0.095267
1.8230,-0.395702,58.407,3.0206,0.098925
1.8240,-0.468780,58.416,3.0198,0.117195
1.8250,-0.459484,58.425,3.0191,0.114871
1.8260,-0.427760,58.434,3.0184,0.106940
1.8270,-0.429299,58.443,3.0176,0.107325
1.8280,-0.363053,58.452,3.0169,0.090763
1.8290,-0.339751,58.461,3.0162,0.084938
1.8300,-0.252128,58.470,3.0156,0.063032
1.8310,-0.214510,58.479,3.0149,0.053627
1.8320,-0.097746,58.488,3.0142,0.024436
1.8330,-0.034979,58.497,3.0136,0.008745
1.8340,0.058708,58.506,3.0130,0.014677
1.8350,0.137771,58.515,3.0124,0.034443
1.8360,0.234942,58.524,3.0118,0.058736
1.8370,0.294329,58.533,3.0112,0.073582
1.8380,0.374126,58.542,3.0106,0.093532
1.8390,0.387164,58.551,3.0101,0.096791
1.8400,0.419462,58.560,3.0095,0.104866
1.8410,0.411284,58.569,3.0090,0.102821
1.8420,0.461057,58.578,3.0085,0.115264
1.8430,0.431027,58.587,3.0080,0.107757
1.8440,0.413564,58.596,3.0075,0.103391
1.8450,0.366804,58.605,3.0070,0.091701
1.8460,0.297424,58.614,3.0066,0.074356
1.8470,0.254851,58.623,3.0061,0.063713
1.8480,0.165116,58.632,3.0057,0.041279
1.8490,0.073027,58.641,3.0053,0.018257
1.8500,-0.005428,58.650,3.0049,0.001357
1.8510,-0.090258,58.659,3.0045,0.022565
1.8520,-0.145431,58.668,3.0041,0.036358
1.8530,-0.231747,58.677,3.0038,0.057937
1.8540,-0.319634,58.686,3.0035,0.079909
1.8550,-0.348337,58.695,3.0031,0.087084
1.8560,-0.407920,58.704,3.0028,0.101980
1.8570,-0.465259,58.713,3.0025,0.116315
1.8580,-0.471087,58.722,3.0023,0.117772
1.8590,-0.464702,58.731,3.0020,0.116176
1.8600,-0.400723,58.740,3.0018,0.100181
1.8610,-0.403675,58.749,3.0015,0.100919
1.8620,-0.363623,58.758,3.0013,0.090906
1.8630,-0.292339,58.767,3.0011,0.073085
1.8640,-0.205571,58.776,3.0010,0.051393
1.8650,-0.160882,58.785,3.0008,0.040220
1.8660,-0.060657,58.794,3.0006,0.015164
1.8670,0.048217,58.803,3.0005,0.012054
1.8680,0.111925,58.812,3.0004,0.027981
1.8690,0.197552,58.821,3.0003,0.049388
1.8700,0.261301,58.830,3.0002,0.065325
1.8710,0.338143,58.839,3.0001,0.084536
1.8720,0.372613,58.848,3.0001,0.093153
1.8730,0.410955,58.857,3.0000,0.102739
1.8740,0.427694,58.866,3.0000,0.106924
1.8750,0.463054,58.875,3.0000,0.115763
1.8760,0.429670,58.884,3.0000,0.107418
1.8770,0.422878,58.893,3.0000,0.105720
1.8780,0.395535,58.902,3.0001,0.098884
1.8790,0.327496,58.911,3.0001,0.081874
1.8800,0.247752,58.920,3.0002,0.061938
1.8810,0.223740,58.929,3.0003,0.055935
1.8820,0.122455,58.938,3.0004,0.030614
1.8830,0.041192,58.947,3.0005,0.010298
1.8840,-0.058726,58.956,3.0006,0.014682
1.8850,-0.115278,58.965,3.0008,0.028819
1.8860,-0.197023,58.974,3.0010,0.049256
1.8870,-0.285402,58.983,3.0011,0.071351
1.8880,-0.329118,58.992,3.0013,0.082280
1.8890,-0.396074,59.001,3.0015,0.099018
1.8900,-0.429538,59.010,3.0018,0.107385
1.8910,-0.460768,59.019,3.0020,0.115192
1.8920,-0.462996,59.028,3.0023,0.115749
1.8930,-0.437788,59.037,3.0025,0.109447
1.8940,-0.432331,59.046,3.0028,0.108083
1.8950,-0.353607,59.055,3.0031,0.088402
1.8960,-0.299375,59.064,3.0035,0.074844
1.8970,-0.230940,59.073,3.0038,0.057735
1.8980,-0.178621,59.082,3.0041,0.044655
1.8990,-0.087068,59.091,3.0045,0.021767
1.9000,0.000840,59.100,3.0049,0.000210
1.9010,0.078423,59.109,3.0053,0.019606
1.9020,0.125163,59.118,3.0057,0.031291
1.9030,0.235802,59.127,3.0061,0.058950
1.9040,0.304797,59.136,3.0066,0.076199
1.9050,0.352834,59.145,3.0070,0.088208
1.9060,0.397895,59.154,3.0075,0.099474
1.9070,0.423903,59.163,3.0080,0.105976
1.9080,0.452778,59.172,3.0085,0.113195
1.9090,0.463593,59.181,3.0090,0.115898
1.9100,0.418026,59.190,3.0095,0.104507
1.9110,0.406110,59.199,3.0101,0.101528
1.9120,0.344057,59.208,3.0106,0.086014
1.9130,0.278471,59.217,3.0112,0.069618
1.9140,0.203939,59.226,3.0118,0.050985
1.9150,0.121706,59.235,3.0124,0.030426
1.9160,0.049043,59.244,3.0130,0.012261
1.9170,-0.030182,59.253,3.0136,0.007546
1.9180,-0.115514,59.262,3.0142,0.028878
1.9190,-0.181980,59.271,3.0149,0.045495
1.9200,-0.246081,59.280,3.0156,0.061520
1.9210,-0.318725,59.289,3.0162,0.079681
1.9220,-0.351167,59.298,3.0169,0.087792
1.9230,-0.436404,59.307,3.0176,0.109101
1.9240,-0.441395,59.316,3.0184,0.110349
1.9250,-0.446463,59.325,3.0191,0.111616
1.9260,-0.444479,59.334,3.0198,0.111120
1.9270,-0.402153,59.343,3.0206,0.100538
1.9280,-0.396867,59.352,3.0214,0.099217
1.9290,-0.313285,59.361,3.0222,0.078321
1.9300,-0.260836,59.370,3.0229,0.065209
1.9310,-0.209380,59.379,3.0238,0.052345
1.9320,-0.127906,59.388,3.0246,0.031976
1.9330,-0.017264,59.397,3.0254,0.004316
1.9340,0.043878,59.406,3.0262,0.010970
1.9350,0.136043,59.415,3.0271,0.034011
1.9360,0.223332,59.424,3.0280,0.055833
1.9370,0.264632,59.433,3.0288,0.066158
1.9380,0.360922,59.442,3.0297,0.090231
1.9390,0.401574,59.451,3.0306,0.100394
1.9400,0.453590,59.460,3.0315,0.113397
1.9410,0.458024,59.469,3.0325,0.114506
1.9420,0.436454,59.478,3.0334,0.109114
1.9430,0.418147,59.487,3.0343,0.104537
1.9440,0.438892,59.496,3.0353,0.109723
1.9450,0.373464,59.505,3.0363,0.093366
1.9460,0.289019,59.514,3.0372,0.072255
1.9470,0.250661,59.523,3.0382,0.062665
1.9480,0.156104,59.532,3.0392,0.039026
1.9490,0.089324,59.541,3.0402,0.022331
1.9500,0.009573,59.550,3.0412,0.002393
1.9510,-0.085836,59.559,3.0422,0.021459
1.9520,-0.191211,59.568,3.0433,0.047803
1.9530,-0.255882,59.577,3.0443,0.063971
1.9540,-0.315799,59.586,3.0454,0.078950
1.9550,-0.354831,59.595,3.0464,0.088708
1.9560,-0.427958,59.604,3.0475,0.106990
1.9570,-0.421382,59.613,3.0486,0.105345
1.9580,-0.473307,59.622,3.0496,0.118327
1.9590,-0.448151,59.631,3.0507,0.112038
1.9600,-0.415563,59.640,3.0518,0.103891
1.9610,-0.400641,59.649,3.0529,0.100160
1.9620,-0.353531,59.658,3.0540,0.088383
1.9630,-0.284062,59.667,3.0552,0.071016
1.9640,-0.255039,59.676,3.0563,0.063760
1.9650,-0.138087,59.685,3.0574,0.034522
1.9660,-0.059124,59.694,3.0586,0.014781
1.9670,0.042865,59.703,3.0597,0.010716
1.9680,0.109292,59.712,3.0609,0.027323
1.9690,0.200392,59.721,3.0620,0.050098
1.9700,0.289917,59.730,3.0632,0.072479
1.9710,0.361503,59.739,3.0644,0.090376
1.9720,0.388786,59.748,3.0655,0.097197
1.9730,0.414631,59.757,3.0667,0.103658
1.9740,0.451705,59.766,3.0679,0.112926
1.9750,0.433764,59.775,3.0691,0.108441
1.9760,0.471948,59.784,3.0703,0.117987
1.9770,0.449592,59.793,3.0715,0.112398
1.9780,0.381332,59.802,3.0727,0.095333
1.9790,0.325182,59.811,3.0739,0.081296
1.9800,0.272409,59.820,3.0751,0.068102
1.9810,0.203577,59.829,3.0764,0.050894
1.9820,0.093938,59.838,3.0776,0.023484
1.9830,0.010220,59.847,3.0788,0.002555
1.9840,-0.051006,59.856,3.0800,0.012752
1.9850,-0.154389,59.865,3.0813,0.038597
1.9860,-0.200839,59.874,3.0825,0.050210
1.9870,-0.280106,59.883,3.0837,0.070027
1.9880,-0.364132,59.892,3.0850,0.091033
1.9890,-0.396189,59.901,3.0862,0.099047
1.9900,-0.428427,59.910,3.0875,0.107107
1.9910,-0.426837,59.919,3.0887,0.106709
1.9920,-0.424003,59.928,3.0900,0.106001
1.9930,-0.441974,59.937,3.0912,0.110493
1.9940,-0.392498,59.946,3.0925,0.098124
1.9950,-0.350267,59.955,3.0937,0.087567
1.9960,-0.339272,59.964,3.0950,0.084818
1.9970,-0.249351,59.973,3.0962,0.062338
1.9980,-0.175443,59.982,3.0975,0.043861
1.9990,-0.069918,59.991,3.0987,0.017480
